Course Data file,,,2019 August,,,,,
This file contains the data of coursera courses,,,,,,,,
s no,course_title,course_organization,course_Certificate_type,course_rating,course_difficulty,num_students,usa_students,course_length
0,IBM Data Science,IBM,PROFESSIONAL CERTIFICATE,4.6,Beginner,480000,177600,210
1,Introduction to Data Science,IBM,SPECIALIZATION,4.6,Beginner,310000,,275
2,The Science of Well-Being,Yale University,COURSE,4.9,Mixed,2500000,825000,50
3,Python for Everybody,University of Michigan,SPECIALIZATION,4.8,Beginner,1500000,,141
4,Google IT Support,Google,PROFESSIONAL CERTIFICATE,4.8,Beginner,350000,,585
5,Deep Learning,deeplearning.ai,SPECIALIZATION,4.8,Intermediate,690000,96600,264
6,Machine Learning,Stanford University,COURSE,4.9,,3200000,,25
7,Business Foundations,University of Pennsylvania,SPECIALIZATION,4.7,Beginner,510000,,264
8,Applied Data Science,IBM,SPECIALIZATION,4.6,Beginner,220000,,245
9,Cloud Engineering with Google Cloud,Google Cloud,PROFESSIONAL CERTIFICATE,4.7,Intermediate,310000,,395
10,Architecting with Google Compute Engine,Google Cloud,SPECIALIZATION,4.7,Intermediate,310000,,140
11,Excel Skills for Business,Macquarie University,SPECIALIZATION,4.9,Beginner,240000,,182
12,IBM Applied AI,,PROFESSIONAL CERTIFICATE,4.6,Beginner,220000,,217
13,Data Science,Johns Hopkins University,SPECIALIZATION,4.5,Beginner,830000,,278
14,Financial Markets,Yale University,COURSE,4.8,Beginner,470000,,60
15,Data Science: Foundations using R,Johns Hopkins University,SPECIALIZATION,4.6,Beginner,740000,133200,142
16,Finance & Quantitative Modeling for Analysts,University of Pennsylvania,SPECIALIZATION,4.5,Beginner,260000,,220
17,Business Analytics,University of Pennsylvania,SPECIALIZATION,4.6,Beginner,280000,,188
18,Developing Applications with Google Cloud Platform,Google Cloud,SPECIALIZATION,4.7,Intermediate,300000,,159
19,Security in Google Cloud Platform,Google Cloud,SPECIALIZATION,4.7,Intermediate,300000,,187
20,Networking in Google Cloud,Google Cloud,SPECIALIZATION,4.7,Intermediate,290000,,199
21,COVID-19 Contact Tracing,Johns Hopkins University,COURSE,4.9,Beginner,220000,39600,15
22,Data Engineering with Google Cloud,Google Cloud,PROFESSIONAL CERTIFICATE,4.6,Intermediate,120000,,287
23,Business and Financial Modeling,University of Pennsylvania,SPECIALIZATION,4.5,Beginner,160000,,249
24,"Data Engineering, Big Data, and Machine Learning on GCP",Google Cloud,SPECIALIZATION,4.6,Intermediate,120000,37200,167
25,Google IT Automation with Python,Google,PROFESSIONAL CERTIFICATE,4.7,Beginner,93000,16740,428
26,Applied Data Science with Python,University of Michigan,SPECIALIZATION,4.5,Intermediate,480000,,157
27,TensorFlow in Practice,deeplearning.ai,SPECIALIZATION,4.7,Intermediate,170000,,188
28,Digital Marketing,University of Illinois at Urbana-Champaign,SPECIALIZATION,4.6,Beginner,380000,,201
29,Introduction to Psychology,Yale University,COURSE,4.9,Beginner,270000,99900,35
30,Project Management Principles and Practices,"University of California, Irvine",SPECIALIZATION,4.7,Beginner,230000,,179
31,Project Management & Other Tools for Career Development,"University of California, Irvine",SPECIALIZATION,4.6,Beginner,440000,,255
32,Foundations of Positive Psychology,University of Pennsylvania,SPECIALIZATION,4.8,Beginner,89000,,233
33,Entrepreneurship,University of Pennsylvania,SPECIALIZATION,4.8,Beginner,110000,33000,291
34,IBM AI Engineering,IBM,PROFESSIONAL CERTIFICATE,4.6,Intermediate,140000,39200,208
35,AI for Medicine,deeplearning.ai,SPECIALIZATION,4.7,Intermediate,13000,1560,231
36,Improve Your English Communication Skills,Georgia Institute of Technology,SPECIALIZATION,4.7,Beginner,610000,,243
37,Psychological First Aid,Johns Hopkins University,COURSE,4.8,Mixed,190000,,38
38,Excel to MySQL: Analytic Techniques for Business,Duke University,SPECIALIZATION,4.6,Beginner,490000,88200,275
39,Data Analysis and Presentation Skills: the PwC Approach,PwC,SPECIALIZATION,4.6,Beginner,220000,,185
40,Successful Negotiation: Essential Strategies and Skills,University of Michigan,COURSE,4.8,Mixed,750000,,21
41,Technical Support Fundamentals,Google,COURSE,4.8,Beginner,280000,,64
42,Web Design for Everybody: Basics of Web Development & Coding,University of Michigan,SPECIALIZATION,4.7,Beginner,280000,,133
43,AWS Fundamentals,Amazon Web Services,SPECIALIZATION,4.6,Beginner,130000,27300,290
44,Career Success,"University of California, Irvine",SPECIALIZATION,4.4,Beginner,790000,237000,169
45,Java Programming and Software Engineering Fundamentals,Duke University,SPECIALIZATION,4.6,Beginner,380000,114000,274
46,UI / UX Design,California Institute of the Arts,SPECIALIZATION,4.7,Beginner,68000,,283
47,Programming for Everybody (Getting Started with Python),University of Michigan,COURSE,4.8,Mixed,1300000,,32
48,Construction Management,Columbia University,SPECIALIZATION,4.7,Beginner,61000,16470,125
49,Social Media Marketing,Northwestern University,SPECIALIZATION,4.6,Beginner,130000,44200,165
50,Supply Chain Management,Rutgers the State University of New Jersey,SPECIALIZATION,4.7,Beginner,82000,31980,253
51,Achieving Personal and Professional Success,University of Pennsylvania,SPECIALIZATION,4.7,Beginner,110000,,224
52,Human Resource Management: HR for People Managers,University of Minnesota,SPECIALIZATION,4.7,Beginner,98000,,243
53,Digital Product Management,University of Virginia,SPECIALIZATION,4.7,Beginner,140000,,167
54,AI For Everyone,deeplearning.ai,COURSE,4.8,,350000,101500,25
55,Mathematics for Machine Learning,Imperial College London,SPECIALIZATION,4.6,Beginner,150000,,225
56,Arizona State University TESOL,Arizona State University,PROFESSIONAL CERTIFICATE,4.9,Beginner,150000,,300
57,Primeros Auxilios Psicológicos (PAP),Universitat Autònoma de Barcelona,COURSE,4.8,Mixed,280000,,34
58,AI Foundations for Everyone,IBM,SPECIALIZATION,4.7,Beginner,61000,,290
59,Creative Writing,Wesleyan University,SPECIALIZATION,4.6,Beginner,140000,36400,174
60,Epidemiology in Public Health Practice,Johns Hopkins University,SPECIALIZATION,4.7,Beginner,31000,,254
61,Leading People and Teams,University of Michigan,SPECIALIZATION,4.7,Beginner,220000,,135
62,Neural Networks and Deep Learning,deeplearning.ai,COURSE,4.9,Intermediate,630000,,25
63,Academic English: Writing,"University of California, Irvine",SPECIALIZATION,4.7,Beginner,540000,,291
64,Software Product Management,University of Alberta,SPECIALIZATION,4.6,Beginner,110000,13200,281
65,The Business of Health Care,University of Pennsylvania,SPECIALIZATION,4.6,Beginner,22000,3080,195
66,Fintech: Foundations & Applications of Financial Technology,University of Pennsylvania,SPECIALIZATION,4.6,Beginner,20000,,234
67,"TESOL Certificate, Part 1: Teach English Now!",Arizona State University,SPECIALIZATION,4.9,Beginner,100000,,150
68,Stanford Introduction to Food and Health,Stanford University,COURSE,4.7,Beginner,370000,,46
69,Writing in the Sciences,Stanford University,COURSE,4.9,Beginner,140000,,40
70,Data Visualization with Tableau,,SPECIALIZATION,4.5,Beginner,96000,38400,261
71,Viral Marketing and How to Craft Contagious Content,University of Pennsylvania,COURSE,4.7,Mixed,150000,28500,61
72,"Brand Management: Aligning Business, Brand and Behaviour",London Business School,COURSE,4.9,Beginner,57000,,40
73,Management of Fashion and Luxury Companies,Università Bocconi,COURSE,4.7,Mixed,120000,,42
74,Learn SQL Basics for Data Science,"University of California, Davis",SPECIALIZATION,4.6,Beginner,160000,27200,133
75,Agile Development,University of Virginia,SPECIALIZATION,4.7,Beginner,94000,,256
76,Genomic Data Science,Johns Hopkins University,SPECIALIZATION,4.4,Intermediate,80000,,229
77,Fundamentals of Project Planning and Management,University of Virginia,COURSE,4.7,Beginner,120000,,37
78,Algorithms,Stanford University,SPECIALIZATION,4.8,Intermediate,150000,,158
79,Geographic Information Systems  (GIS),"University of California, Davis",SPECIALIZATION,4.8,Beginner,97000,,200
80,Investment Management,University of Geneva,SPECIALIZATION,4.7,Beginner,99000,,205
81,The DIY Musician,Berklee College of Music,SPECIALIZATION,4.8,Beginner,120000,12000,173
82,Reinforcement Learning,University of Alberta,SPECIALIZATION,4.7,,23000,,289
83,Social Psychology,Wesleyan University,COURSE,4.7,Beginner,220000,,56
84,Statistics with R,Duke University,SPECIALIZATION,4.7,Beginner,220000,,150
85,Financial Accounting Fundamentals,University of Virginia,COURSE,4.8,Beginner,65000,,22
86,Object Oriented Programming in Java,Duke University,SPECIALIZATION,4.6,Beginner,330000,62700,166
87,Methods and Statistics in Social Sciences,University of Amsterdam,SPECIALIZATION,4.6,Beginner,260000,,294
88,What is Data Science?,IBM,COURSE,4.7,Beginner,260000,,20
89,Full-Stack Web Development with React,The Hong Kong University of Science and Technology,SPECIALIZATION,4.7,Intermediate,140000,40600,293
90,Learning to Teach Online,UNSW Sydney (The University of New South Wales),COURSE,4.7,Beginner,68000,22440,24
91,Managing Innovation and Design Thinking,HEC Paris,SPECIALIZATION,4.7,Beginner,23000,,281
92,Excel Skills for Business: Essentials,Macquarie University,COURSE,4.9,Beginner,200000,,10
93,Strategic Leadership and Management,University of Illinois at Urbana-Champaign,SPECIALIZATION,4.7,Beginner,100000,31000,214
94,Music Production,Berklee College of Music,SPECIALIZATION,4.8,Beginner,70000,25200,231
95,Cisco Networking Basics,Cisco,SPECIALIZATION,4.7,Beginner,,,284
96,Business Statistics and Analysis,Rice University,SPECIALIZATION,4.7,Beginner,110000,,214
97,The Business of Music Production,Berklee College of Music,SPECIALIZATION,4.8,Beginner,84000,,247
98,IT Fundamentals for Cybersecurity,IBM,SPECIALIZATION,4.5,Beginner,35000,,248
99,Fashion as Design,The Museum of Modern Art,COURSE,4.8,Beginner,180000,,28
100,Design Thinking for Innovation,University of Virginia,COURSE,4.6,Beginner,240000,,62
101,Modern Art & Ideas,The Museum of Modern Art,COURSE,4.7,Beginner,310000,99200,23
102,Food & Beverage Management,Università Bocconi,COURSE,4.8,Mixed,57000,,52
103,Advanced Machine Learning,National Research University Higher School of Economics,SPECIALIZATION,4.5,,190000,,131
104,Business Strategy,University of Virginia,SPECIALIZATION,4.7,Beginner,89000,,267
105,Photography Basics and Beyond: From Smartphone to DSLR,Michigan State University,SPECIALIZATION,4.7,Beginner,160000,,265
106,Become a CBRS Certified Professional Installer by Google,Google - Spectrum Sharing,COURSE,4.9,Mixed,210000,,65
107,Camino a la Excelencia en Gestión de Proyectos,,COURSE,4.7,Beginner,340000,,54
108,Full Stack Web and Multiplatform Mobile App Development,The Hong Kong University of Science and Technology,SPECIALIZATION,4.7,Intermediate,150000,33000,254
109,Finding Purpose and Meaning In Life: Living for What Matters Most,University of Michigan,COURSE,4.7,Beginner,36000,,51
110,Indigenous Canada,University of Alberta,COURSE,4.8,Mixed,51000,,79
111,Python Data Structures,University of Michigan,COURSE,4.9,Mixed,420000,,87
112,Learn Spanish: Basic Spanish Vocabulary,"University of California, Davis",SPECIALIZATION,4.6,Beginner,80000,,134
113,First Step Korean,Yonsei University,COURSE,4.9,Beginner,400000,60000,40
114,Private Equity and Venture Capital,Università Bocconi,COURSE,4.8,Mixed,79000,30810,39
115,G Suite Administration,Google Cloud,SPECIALIZATION,4.7,Beginner,10000,2000,180
116,Organizational Leadership,Northwestern University,SPECIALIZATION,4.7,Intermediate,92000,30360,256
117,User Experience Research and Design,University of Michigan,SPECIALIZATION,4.8,Beginner,23000,,221
118,The Singer Songwriter,Berklee College of Music,SPECIALIZATION,4.8,Beginner,320000,,192
119,Anatomy,University of Michigan,SPECIALIZATION,4.8,Beginner,30000,10800,246
120,Intellectual Property Law,University of Pennsylvania,SPECIALIZATION,4.8,Intermediate,8700,,269
121,Science of Exercise,University of Colorado Boulder,COURSE,4.8,Beginner,140000,35000,27
122,Electronic Music Production,Berklee College of Music,SPECIALIZATION,4.8,Intermediate,110000,37400,147
123,"Improving Deep Neural Networks: Hyperparameter tuning, Regularization and Optimization",deeplearning.ai,COURSE,4.9,Beginner,270000,48600,33
124,Excel/VBA for Creative Problem Solving,University of Colorado Boulder,SPECIALIZATION,4.8,Beginner,56000,,259
125,Machine Learning with TensorFlow on Google Cloud Platform,Google Cloud,SPECIALIZATION,4.5,Intermediate,72000,8640,136
126,Business Strategies for A Better World,University of Pennsylvania,SPECIALIZATION,4.7,Beginner,24000,,202
127,Statistics with Python,University of Michigan,SPECIALIZATION,4.6,Beginner,34000,,279
128,Interaction Design,University of California San Diego,SPECIALIZATION,4.5,Intermediate,150000,,212
129,AI for Medical Diagnosis,deeplearning.ai,COURSE,4.7,Intermediate,12000,3480,63
130,Fundamentals of Immunology,Rice University,SPECIALIZATION,4.7,Intermediate,20000,,260
131,Biostatistics in Public Health,Johns Hopkins University,SPECIALIZATION,4.8,Beginner,14000,1960,160
132,Машинное обучение и анализ данных,E-Learning Development Fund,SPECIALIZATION,4.7,,77000,8470,196
133,The Art of Sales: Mastering the Selling Process,Northwestern University,SPECIALIZATION,4.7,Beginner,23000,,148
134,(ISC)² Systems Security Certified Practitioner (SSCP),(ISC)²,SPECIALIZATION,4.7,Beginner,5300,,224
135,The Bits and Bytes of Computer Networking,Google,COURSE,4.7,Beginner,130000,22100,78
136,Introduction to Marketing,University of Pennsylvania,COURSE,4.8,Mixed,220000,68200,67
137,Executive Data Science,Johns Hopkins University,SPECIALIZATION,4.5,Beginner,,,123
138,The Strategy of Content Marketing,"University of California, Davis",COURSE,4.5,Intermediate,100000,,55
139,Design and Interpretation of Clinical Trials,Johns Hopkins University,COURSE,4.7,Mixed,67000,,60
140,Marketing Mix Implementation,IE Business School,SPECIALIZATION,4.6,Beginner,93000,,156
141,Game Theory,Stanford University,COURSE,4.6,Beginner,260000,,22
142,Accelerated Computer Science Fundamentals,University of Illinois at Urbana-Champaign,SPECIALIZATION,4.7,Intermediate,22000,,228
143,Blockchain Revolution,INSEAD,SPECIALIZATION,4.7,,21000,,166
144,What Is Contemporary Art?,The Museum of Modern Art,COURSE,4.7,Beginner,120000,,76
145,Futures Thinking,Institute for the Future,SPECIALIZATION,4.8,Beginner,9400,,260
146,Tools for Data Science,IBM,COURSE,4.6,Beginner,120000,,36
147,Investment Management with Python and Machine Learning,EDHEC Business School,SPECIALIZATION,4.6,Beginner,14000,,172
148,Data Science: Statistics and Machine Learning,Johns Hopkins University,SPECIALIZATION,4.4,Intermediate,210000,44100,144
149,Financial Management,University of Illinois at Urbana-Champaign,SPECIALIZATION,4.7,Intermediate,76000,,229
150,Functional Programming in Scala,École Polytechnique Fédérale de Lausanne,SPECIALIZATION,4.7,Intermediate,220000,,124
151,An Introduction to Programming the Internet of Things (IOT),"University of California, Irvine",SPECIALIZATION,4.6,Beginner,270000,,146
152,Python for Data Science and AI,IBM,COURSE,4.6,Beginner,170000,,54
153,UCI Project Management,"University of California, Irvine",PROFESSIONAL CERTIFICATE,4.6,Beginner,44000,,337
154,Self-Driving Cars,University of Toronto,SPECIALIZATION,4.7,Advanced,39000,5460,274
155,Learn Chinese: HSK Test Preparation,Peking University,SPECIALIZATION,4.8,Beginner,43000,6450,296
156,Искусство разработки на современном C++,E-Learning Development Fund,SPECIALIZATION,4.9,Intermediate,68000,,104
157,Advanced Data Science with IBM,IBM,SPECIALIZATION,4.4,Advanced,320000,76800,160
158,Financial Engineering and Risk Management Part I,Columbia University,COURSE,4.6,Mixed,100000,19000,37
159,An Introduction to American Law,University of Pennsylvania,COURSE,4.8,Beginner,23000,8050,56
160,SAS Programmer,SAS,PROFESSIONAL CERTIFICATE,4.8,Beginner,370000,74000,192
161,Child Nutrition and Cooking,Stanford University,COURSE,4.7,Beginner,30000,,21
162,Fundamentals of Graphic Design,California Institute of the Arts,COURSE,4.8,Beginner,290000,,13
163,Финансовые инструменты для частного инвестора,,SPECIALIZATION,4.7,Beginner,38000,,264
164,Fundamentals of Computing,Rice University,SPECIALIZATION,4.8,Beginner,200000,,177
165,Fundamentals of Quantitative Modeling,University of Pennsylvania,COURSE,4.6,Mixed,110000,,28
166,Dynamic Public Speaking,University of Washington,SPECIALIZATION,4.7,Beginner,110000,,190
167,Six Sigma Green Belt,University System of Georgia,SPECIALIZATION,4.7,Intermediate,18000,4140,277
168,Business English Communication Skills,University of Washington,SPECIALIZATION,4.7,Intermediate,120000,28800,159
169,Initiating and Planning Projects,"University of California, Irvine",COURSE,4.7,Mixed,180000,,69
170,Statistical Analysis with R for Public Health,Imperial College London,SPECIALIZATION,4.7,Beginner,16000,3040,250
171,Integrative Health and Medicine,University of Minnesota,SPECIALIZATION,4.8,,14000,3920,171
172,Learn English: Intermediate Grammar,"University of California, Irvine",SPECIALIZATION,4.7,Intermediate,120000,,218
173,Understanding Medical Research: Your Facebook Friend is Wrong,Yale University,COURSE,4.8,Beginner,24000,3840,58
174,Forensic Accounting and Fraud Examination,West Virginia University,COURSE,4.7,Mixed,42000,,21
175,English for Career Development,University of Pennsylvania,COURSE,4.8,Mixed,760000,136800,38
176,Moral Foundations of Politics,Yale University,COURSE,4.8,Mixed,100000,,14
177,"Hotel Management: Distribution, Revenue and Demand Management",ESSEC Business School,SPECIALIZATION,4.6,Beginner,28000,,171
178,Machine Learning for Trading,Google Cloud,SPECIALIZATION,3.9,Intermediate,15000,5400,195
179,Crash Course on Python,,COURSE,4.8,Beginner,81000,25110,19
180,Russian for beginners А1. Русский язык: A1,Saint Petersburg State University,SPECIALIZATION,4.7,Beginner,7000,,271
181,Machine Learning,University of Washington,SPECIALIZATION,4.6,Intermediate,290000,,167
182,Web Applications for Everybody,University of Michigan,SPECIALIZATION,4.8,Intermediate,120000,,173
183,Introduction to Cyber Security,New York University,SPECIALIZATION,4.7,Beginner,32000,,149
184,Inspired Leadership,Case Western Reserve University,SPECIALIZATION,4.7,Intermediate,97000,,198
185,Vital Signs: Understanding What the Body Is Telling Us,University of Pennsylvania,COURSE,4.8,Mixed,190000,,33
186,Software Design and Architecture,University of Alberta,SPECIALIZATION,4.6,Beginner,60000,,184
187,Introduction to Data Science in Python,University of Michigan,COURSE,4.5,Intermediate,390000,,43
188,Music Business,Berklee College of Music,SPECIALIZATION,4.8,Beginner,42000,,139
189,Structuring Machine Learning Projects,deeplearning.ai,COURSE,4.8,Beginner,220000,48400,23
190,Introduction to Programming in C,Duke University,SPECIALIZATION,4.7,Beginner,82000,29520,206
191,Étudier en France: French Intermediate course B1-B2,École Polytechnique,COURSE,4.8,Intermediate,190000,,49
192,Global Diplomacy – Diplomacy in the Modern World,SOAS University of London,COURSE,4.6,Mixed,79000,,47
193,International Women's Health and Human Rights,Stanford University,COURSE,4.9,Beginner,35000,,53
194,Introduction to the Biology of Cancer,Johns Hopkins University,COURSE,4.8,Beginner,110000,,15
195,Investment and Portfolio Management,Rice University,SPECIALIZATION,4.5,Beginner,49000,,155
196,Introduction to Discrete Mathematics for Computer Science,National Research University Higher School of Economics,SPECIALIZATION,4.4,Beginner,75000,28500,157
197,Claves de la Dirección de Empresas,IESE Business School,SPECIALIZATION,4.8,Beginner,51000,,287
198,Data Science Methodology,IBM,COURSE,4.6,Beginner,89000,,40
199,Using Python to Access Web Data,University of Michigan,COURSE,4.8,Mixed,310000,108500,33
200,Sports Marketing,Northwestern University,COURSE,4.7,Intermediate,12000,,35
201,Animal Behaviour and Welfare,The University of Edinburgh,COURSE,4.8,Mixed,71000,,61
202,Strategic Management and Innovation,Copenhagen Business School,SPECIALIZATION,4.7,Beginner,68000,,243
203,From Data to Insights with Google Cloud Platform,Google Cloud,SPECIALIZATION,4.6,Beginner,26000,,267
204,Introduction to Financial Accounting,University of Pennsylvania,COURSE,4.7,Mixed,200000,20000,41
205,Developing Your Musicianship,Berklee College of Music,SPECIALIZATION,4.8,Beginner,54000,,125
206,Game Design and Development,Michigan State University,SPECIALIZATION,4.7,Intermediate,100000,38000,153
207,Convolutional Neural Networks,deeplearning.ai,COURSE,4.9,Intermediate,240000,,41
208,Programming with Google Go,"University of California, Irvine",SPECIALIZATION,4.6,Intermediate,18000,,167
209,Foundations of Management,IESE Business School,SPECIALIZATION,4.8,Beginner,64000,,202
210,Autism Spectrum Disorder,"University of California, Davis",COURSE,4.6,Mixed,56000,,36
211,Marketing Strategy,IE Business School,SPECIALIZATION,4.4,Beginner,57000,,175
212,Agile with Atlassian Jira,Atlassian,COURSE,4.7,Beginner,40000,5200,38
213,Write Professional Emails in English,Georgia Institute of Technology,COURSE,4.7,Mixed,,0,54
214,Medical Neuroscience,Duke University,COURSE,4.9,Advanced,170000,,45
215,Pricing Strategy Optimization,BCG,SPECIALIZATION,4.8,Beginner,20000,,202
216,Positive Psychiatry and Mental Health,The University of Sydney,COURSE,4.8,Mixed,72000,,45
217,TensorFlow: Data and Deployment,deeplearning.ai,SPECIALIZATION,4.5,Intermediate,12000,,152
218,Excel Skills for Business: Intermediate I,Macquarie University,COURSE,4.9,Intermediate,76000,,17
219,Inspirational Leadership: Leading with Sense,HEC Paris,SPECIALIZATION,4.5,Beginner,72000,,286
220,Trading Strategies in Emerging Markets,Indian School of Business,SPECIALIZATION,4.3,Beginner,68000,10200,298
221,Computational Thinking for Problem Solving,University of Pennsylvania,COURSE,4.8,Beginner,33000,,41
222,C# Programming for Unity Game Development,University of Colorado System,SPECIALIZATION,4.7,Beginner,36000,,258
223,Mathematics for Machine Learning: Linear Algebra,Imperial College London,COURSE,4.7,Beginner,140000,37800,25
224,"Influencing: Storytelling, Change Management and Governance",Macquarie University,SPECIALIZATION,4.8,Beginner,22000,,174
225,English for Business and Entrepreneurship,University of Pennsylvania,COURSE,4.8,Beginner,230000,,72
226,"Negotiation, Mediation and Conflict Resolution",ESSEC Business School,SPECIALIZATION,4.7,Beginner,22000,5280,229
227,Google Cloud Platform Big Data and Machine Learning Fundamentals,Google Cloud,COURSE,4.6,Intermediate,120000,,35
228,International Leadership and Organizational Behavior,Università Bocconi,COURSE,4.8,Mixed,41000,,39
229,Economics of Money and Banking,Columbia University,COURSE,4.9,Mixed,83000,,90
230,"Introduction to TensorFlow for Artificial Intelligence, Machine Learning, and Deep Learning",deeplearning.ai,COURSE,4.7,Intermediate,150000,55500,64
231,Habilidades Gerenciales,Universidad Nacional Autónoma de México,SPECIALIZATION,4.7,Beginner,43000,10750,270
232,Wine Tasting: Sensory Techniques for Wine Analysis,"University of California, Davis",COURSE,4.7,Beginner,32000,4160,60
233,Business Technology Management,Indian School of Business,SPECIALIZATION,4.5,Beginner,67000,,225
234,"TESOL Certificate, Part 2: Teach English Now!",Arizona State University,SPECIALIZATION,4.9,Beginner,62000,6820,125
235,Introduction to Philosophy,The University of Edinburgh,COURSE,4.6,Mixed,370000,,25
236,Программирование на Python,Mail.Ru Group,SPECIALIZATION,4.5,Intermediate,52000,19760,291
237,Digital Manufacturing & Design Technology,University at Buffalo,SPECIALIZATION,4.6,Beginner,37000,,253
238,Branding: The Creative Journey,IE Business School,SPECIALIZATION,4.6,Beginner,26000,,262
239,Digital Advertising Strategy,University of Colorado Boulder,SPECIALIZATION,4.4,Beginner,,,240
240,Positive Psychology: Martin E. P. Seligman’s Visionary Science,University of Pennsylvania,COURSE,4.8,Beginner,50000,,11
241,Marketing Digital,Universidade de São Paulo,COURSE,4.8,Beginner,81000,27540,66
242,Algorithms for Battery Management Systems,University of Colorado System,SPECIALIZATION,4.8,Intermediate,14000,,180
243,The Data Scientist’s Toolbox,Johns Hopkins University,COURSE,4.6,Mixed,420000,159600,44
244,Health Informatics,Johns Hopkins University,SPECIALIZATION,4.5,Beginner,8100,,250
245,U.S. Federal Taxation,University of Illinois at Urbana-Champaign,SPECIALIZATION,4.8,Intermediate,12000,,264
246,Entrepreneurship 1: Developing the Opportunity,University of Pennsylvania,COURSE,4.8,Mixed,86000,,40
247,Advanced Business Analytics,University of Colorado Boulder,SPECIALIZATION,4.5,Intermediate,78000,,172
248,Culture-Driven Team Building,University of Pennsylvania,SPECIALIZATION,4.6,Beginner,17000,,248
249,Understanding the Brain: The Neurobiology of Everyday Life,The University of Chicago,COURSE,4.9,Beginner,130000,,46
250,Introduction to Systematic Review and Meta-Analysis,Johns Hopkins University,COURSE,4.8,Mixed,67000,,10
251,Blockchain,University at Buffalo,SPECIALIZATION,4.6,Intermediate,68000,18360,194
252,Nutrición y obesidad: control de sobrepeso,Universidad Nacional Autónoma de México,COURSE,4.8,Beginner,100000,26000,18
253,Introduction to Dental Medicine,University of Pennsylvania,COURSE,4.8,Beginner,25000,,71
254,Introduction to Computer Science and Programming,"Goldsmiths, University of London",SPECIALIZATION,4.3,Beginner,32000,,206
255,Object Oriented Java Programming: Data Structures and Beyond,University of California San Diego,SPECIALIZATION,4.7,Intermediate,250000,,201
256,"Everyday Excel, Part 1",University of Colorado Boulder,COURSE,4.8,Beginner,11000,,74
257,Finance for Non-Finance Professionals,Rice University,COURSE,4.8,Beginner,69000,15870,75
258,Memoir and Personal Essay: Write About Yourself,Wesleyan University,SPECIALIZATION,4.3,Beginner,13000,,133
259,Financial Markets and Investment Strategy,Indian School of Business,SPECIALIZATION,4.5,Beginner,60000,,123
260,Learn to Program: The Fundamentals,University of Toronto,COURSE,4.8,Beginner,180000,,42
261,Understanding Research Methods,SOAS University of London,COURSE,4.5,Mixed,120000,,29
262,Value Chain Management,University of Illinois at Urbana-Champaign,SPECIALIZATION,4.7,Intermediate,63000,,207
263,Databases and SQL for Data Science,IBM,COURSE,4.7,Beginner,110000,,65
264,Machine Learning for Business Professionals,Google Cloud,COURSE,4.6,Intermediate,58000,13340,61
265,An Introduction to Consumer Neuroscience & Neuromarketing,Copenhagen Business School,COURSE,4.7,Beginner,69000,8970,55
266,"Advanced Valuation and Strategy - M&A, Private Equity, and Venture Capital",Erasmus University Rotterdam,COURSE,4.7,Advanced,29000,,16
267,"Energy Production, Distribution & Safety",University at Buffalo,SPECIALIZATION,4.7,Beginner,37000,,163
268,Gamification,University of Pennsylvania,COURSE,4.8,Mixed,110000,,55
269,Behavioral Finance,Duke University,COURSE,4.4,Mixed,55000,,19
270,Introductory Human Physiology,Duke University,COURSE,4.7,Mixed,270000,,16
271,Learn English: Advanced Grammar and Punctuation,"University of California, Irvine",SPECIALIZATION,4.8,Advanced,52000,,211
272,The Power of Macroeconomics: Economic Principles in the Real World,"University of California, Irvine",COURSE,4.6,Mixed,180000,,78
273,Content Strategy for Professionals,Northwestern University,SPECIALIZATION,4.5,Beginner,27000,10260,276
274,The Global Financial Crisis,Yale University,COURSE,4.8,Mixed,84000,,67
275,Clinical Terminology for International and U.S. Students,University of Pittsburgh,COURSE,4.8,Beginner,32000,,23
276,Coaching Skills for Managers,"University of California, Davis",SPECIALIZATION,4.7,Intermediate,37000,6290,285
277,Data Analysis with Python,IBM,COURSE,4.7,Beginner,110000,26400,58
278,Everyday Parenting: The ABCs of Child Rearing,Yale University,COURSE,4.9,Beginner,86000,27520,38
279,Python Basics,University of Michigan,COURSE,4.8,Beginner,110000,31900,76
280,International Law in Action: the Arbitration of International Disputes,Universiteit Leiden,COURSE,4.8,Mixed,19000,,53
281,AWS Fundamentals: Going Cloud-Native,Amazon Web Services,COURSE,4.7,Beginner,110000,,79
282,The Manager's Toolkit: A Practical Guide to Managing People at Work,,COURSE,4.6,Mixed,47000,,70
283,AI for Medical Prognosis,deeplearning.ai,COURSE,4.6,Intermediate,4000,,23
284,Project Launch,"University of California, Irvine",COURSE,4.7,Beginner,190000,,73
285,Sequence Models,deeplearning.ai,COURSE,4.8,Intermediate,14000,,28
286,"GIS, Mapping, and Spatial Analysis",University of Toronto,SPECIALIZATION,4.8,Beginner,140000,,205
287,Greek and Roman Mythology,University of Pennsylvania,COURSE,4.8,Mixed,260000,52000,44
288,Data Warehousing for Business Intelligence,University of Colorado System,SPECIALIZATION,4.5,Advanced,140000,,194
289,Responsive Website Development and Design,"Goldsmiths, University of London",SPECIALIZATION,4.5,Beginner,170000,,208
290,Construction Project Management,Columbia University,COURSE,4.8,Beginner,43000,,58
291,Positive Psychology,The University of North Carolina at Chapel Hill,COURSE,4.7,Mixed,180000,21600,62
292,Entrepreneurial Finance: Strategy and Innovation,Duke University,SPECIALIZATION,4.5,Intermediate,7900,2765,228
293,Introduction to Scripting in Python,Rice University,SPECIALIZATION,4.7,Beginner,49000,,164
294,Become a Journalist: Report the News!,Michigan State University,SPECIALIZATION,4.7,Beginner,28000,,239
295,Fundamentals of Accounting,University of Illinois at Urbana-Champaign,SPECIALIZATION,4.6,Beginner,39000,,173
296,Modern Big Data Analysis with SQL,Cloudera,SPECIALIZATION,4.8,Beginner,14000,,280
297,Virtual Teacher,"University of California, Irvine",SPECIALIZATION,4.3,Beginner,23000,,125
298,Terrorism and Counterterrorism: Comparing Theory and Practice,Universiteit Leiden,COURSE,4.8,Beginner,90000,,70
299,"Presentation Skills: Speechwriting, Slides and Delivery",E-Learning Development Fund,SPECIALIZATION,4.6,Beginner,47000,,257
300,Contabilidad para no contadores,Universidad Nacional Autónoma de México,COURSE,4.7,Beginner,220000,,15
301,Corporate Sustainability. Understanding and Seizing the Strategic Opportunity,Università Bocconi,COURSE,4.6,Mixed,10000,,32
302,"Anatomy of the Chest, Abdomen, and Pelvis",Yale University,COURSE,4.8,Intermediate,36000,,35
303,English for Journalism,University of Pennsylvania,COURSE,4.8,Mixed,130000,37700,72
304,Site Reliability Engineering: Measuring and Managing Reliability,Google Cloud,COURSE,4.5,,16000,3840,27
305,Communication Strategies for a Virtual Age,University of Toronto,COURSE,4.8,Beginner,43000,16770,45
306,Supply Chain Principles,Georgia Institute of Technology,COURSE,4.6,Mixed,29000,,54
307,Introduction to HTML5,University of Michigan,COURSE,4.7,Mixed,220000,,40
308,Introduction to Programming with MATLAB,Vanderbilt University,COURSE,4.8,Beginner,270000,,56
309,Patient Safety,Johns Hopkins University,SPECIALIZATION,4.8,Beginner,8800,,214
310,Marketing in a Digital World,University of Illinois at Urbana-Champaign,COURSE,4.7,Beginner,310000,93000,71
311,Learn to Speak Korean 1,Yonsei University,COURSE,4.9,Beginner,120000,,21
312,Introduction to Sustainability,University of Illinois at Urbana-Champaign,COURSE,4.8,Mixed,69000,23460,28
313,Foundations of Global Health,Johns Hopkins University,SPECIALIZATION,4.7,Beginner,31000,,276
314,Essentials in Clinical Simulations Across the Health Professions,The George Washington University,COURSE,4.8,Intermediate,4100,1312,74
315,Robotics,University of Pennsylvania,SPECIALIZATION,4.4,Beginner,120000,16800,148
316,Operating Systems and You: Becoming a Power User,Google,COURSE,4.6,Beginner,76000,24320,50
317,R Programming,Johns Hopkins University,COURSE,4.6,Intermediate,480000,,75
318,In the Studio: Postwar Abstract Painting,The Museum of Modern Art,COURSE,4.9,Beginner,79000,,15
319,Essentials of Global Health,Yale University,COURSE,4.8,Mixed,31000,,64
320,Practical Data Science with MATLAB,MathWorks,SPECIALIZATION,4.7,Beginner,10000,,230
321,Machine Learning with Python,IBM,COURSE,4.7,Intermediate,120000,14400,79
322,American Contract Law I,Yale University,COURSE,4.9,Beginner,18000,4680,62
323,Oil & Gas Industry Operations and Markets,Duke University,COURSE,4.8,Mixed,,0,32
324,Advanced Machine Learning with TensorFlow on Google Cloud Platform,Google Cloud,SPECIALIZATION,4.5,Advanced,35000,,273
325,Marketing Digital,Universidad Austral,SPECIALIZATION,4.7,Beginner,39000,,143
326,Arts and Heritage Management,Università Bocconi,COURSE,4.8,Mixed,15000,,37
327,Introducción a la programación en Python I: Aprendiendo a programar con Python,Pontificia Universidad Católica de Chile,COURSE,4.4,Beginner,100000,,30
328,Supporting children with difficulties in reading and writing,UCL Institute of Education,COURSE,4.8,Mixed,50000,10500,72
329,"HTML, CSS, and Javascript for Web Developers",Johns Hopkins University,COURSE,4.8,Mixed,240000,,71
330,Addiction Treatment: Clinical Skills for Healthcare Providers,Yale University,COURSE,4.8,Beginner,9200,,67
331,Réussir le Changement,ESSEC Business School,COURSE,4.5,Mixed,33000,,68
332,SQL for Data Science,"University of California, Davis",COURSE,4.6,Beginner,160000,52800,77
333,"Modern Robotics:  Mechanics, Planning, and Control",Northwestern University,SPECIALIZATION,4.7,Intermediate,21000,,148
334,"Speak English Professionally: In Person, Online & On the Phone",Georgia Institute of Technology,COURSE,4.6,Mixed,,,24
335,Medical Cannabis: The Health Effects of THC and CBD,University of Colorado Boulder,SPECIALIZATION,4.8,Beginner,4800,,279
336,Introduction to Corporate Finance,University of Pennsylvania,COURSE,4.6,Mixed,130000,,59
337,Foundational Finance for Strategic Decision Making,University of Michigan,SPECIALIZATION,4.8,Beginner,14000,,288
338,Developing APIs with Google Cloud's Apigee API Platform,Google Cloud,SPECIALIZATION,4.6,,16000,,159
339,Introduction to Spreadsheets and Models,University of Pennsylvania,COURSE,4.2,Mixed,76000,26600,77
340,Introduction to Mathematical Thinking,Stanford University,COURSE,4.8,Intermediate,270000,,49
341,Negociación exitosa: Estrategias y habilidades esenciales (en español),University of Michigan,COURSE,4.8,Mixed,95000,,26
342,Drug Discovery,University of California San Diego,COURSE,4.6,Beginner,39000,13260,45
343,Newborn Baby Care,University of Colorado System,SPECIALIZATION,4.8,Beginner,5300,,208
344,Survey Data Collection and Analytics,"University of Maryland, College Park",SPECIALIZATION,4.3,Beginner,45000,,291
345,Instructional Design Foundations and Applications,University of Illinois at Urbana-Champaign,COURSE,4.2,Mixed,12000,,76
346,International Organizations Management,University of Geneva,COURSE,4.8,Beginner,20000,,51
347,Essential Google Cloud Infrastructure: Foundation,Google Cloud,COURSE,4.7,Intermediate,83000,,20
348,Power Electronics,University of Colorado Boulder,SPECIALIZATION,4.8,Intermediate,67000,20100,124
349,Cloud Computing,University of Illinois at Urbana-Champaign,SPECIALIZATION,4.4,Intermediate,110000,,243
350,Using Databases with Python,University of Michigan,COURSE,4.8,Mixed,220000,44000,53
351,Epidemiology: The Basic Science of Public Health,The University of North Carolina at Chapel Hill,COURSE,4.6,Mixed,130000,,66
352,Machine Learning and Reinforcement Learning in Finance,New York University,SPECIALIZATION,3.7,Intermediate,29000,,275
353,Understanding Clinical Research: Behind the Statistics,University of Cape Town,COURSE,4.8,Mixed,78000,,72
354,Weight Management: Beyond Balancing Calories,Emory University,COURSE,4.7,Beginner,34000,5440,37
355,Good with Words: Writing and Editing,University of Michigan,SPECIALIZATION,4.6,Beginner,3800,1330,262
356,Financial Technology (Fintech) Innovations,University of Michigan,SPECIALIZATION,4.7,Beginner,6500,,282
357,"The Modern World, Part One: Global History from 1760 to 1910",University of Virginia,COURSE,4.8,Beginner,130000,20800,20
358,Convolutional Neural Networks in TensorFlow,deeplearning.ai,COURSE,4.7,Intermediate,46000,15640,29
359,e-Learning Ecologies: Innovative Approaches to Teaching and Learning for the Digital Age,University of Illinois at Urbana-Champaign,COURSE,4.5,,17000,4250,27
360,Learn Mandarin Chinese,Shanghai Jiao Tong University,SPECIALIZATION,4.8,Beginner,39000,,290
361,"The Sustainable Development Goals – A global, transdisciplinary vision for the future",University of Copenhagen,COURSE,4.8,Beginner,26000,,53
362,People Analytics,University of Pennsylvania,COURSE,4.5,Mixed,84000,,19
363,Soporte de Tecnologías de la Información de Google,Crece con Google,PROFESSIONAL CERTIFICATE,4.9,Beginner,8800,,156
364,"Programming Foundations with JavaScript, HTML and CSS",Duke University,COURSE,4.6,Beginner,250000,,23
365,Innovation Management,,COURSE,4.6,Beginner,40000,10400,73
366,Finanzas corporativas,Universidad Nacional Autónoma de México,SPECIALIZATION,4.6,Intermediate,30000,,183
367,Marketing con Redes Sociales,Tecnológico de Monterrey,SPECIALIZATION,4.4,Intermediate,60000,,273
368,School Health for Children and Adolescents,University of Colorado System,SPECIALIZATION,4.8,Beginner,9100,3003,203
369,Greening the Economy: Sustainable Cities,Lund University,COURSE,4.6,Beginner,56000,,76
370,Fundraising and Development,"University of California, Davis",SPECIALIZATION,4.6,Beginner,4900,1960,175
371,Creative Writing: The Craft of Plot,Wesleyan University,COURSE,4.7,Mixed,120000,19200,17
372,Cybersecurity,"University of Maryland, College Park",SPECIALIZATION,4.5,Intermediate,99000,,138
373,Healthcare Law,University of Pennsylvania,SPECIALIZATION,4.7,Intermediate,1700,408,281
374,Python and Statistics for Financial Analysis,The Hong Kong University of Science and Technology,COURSE,4.4,Intermediate,41000,9020,12
375,The Arts and Science of Relationships: Understanding Human Needs,University of Toronto,COURSE,4.5,Beginner,73000,,16
376,Data-driven Decision Making,PwC,COURSE,4.6,Beginner,120000,,70
377,Introduction to Forensic Science,"Nanyang Technological University, Singapore",COURSE,4.9,Mixed,47000,10340,32
378,"Divide and Conquer, Sorting and Searching, and Randomized Algorithms",Stanford University,COURSE,4.8,Intermediate,130000,,59
379,What is Social?,Northwestern University,COURSE,4.6,Mixed,94000,,34
380,Market Research,"University of California, Davis",SPECIALIZATION,4.5,Beginner,22000,3080,278
381,Digital Product Management: Modern Fundamentals,University of Virginia,COURSE,4.7,Beginner,58000,,56
382,Financing and Investing in Infrastructure,Università Bocconi,COURSE,4.8,Mixed,24000,,15
383,Data Management for Clinical Research,Vanderbilt University,COURSE,4.7,Beginner,42000,14280,54
384,Supply Chain Logistics,Rutgers the State University of New Jersey,COURSE,4.7,Beginner,66000,,27
385,Grammar and Punctuation,"University of California, Irvine",COURSE,4.7,Mixed,430000,,71
386,Revisão Sistemática e Meta-análise,Universidade Estadual de Campinas,COURSE,4.9,Intermediate,17000,5610,19
387,Swift 5 iOS Application Developer,LearnQuest,SPECIALIZATION,4.5,Beginner,3900,,254
388,Fundamentos de Finanzas Empresariales,Universidad de los Andes,COURSE,4.8,Beginner,110000,,69
389,Preparing to Manage Human Resources,University of Minnesota,COURSE,4.8,Mixed,68000,,26
390,Android App Development,Vanderbilt University,SPECIALIZATION,4.5,,120000,,251
391,Computational Social Science,"University of California, Davis",SPECIALIZATION,4.6,Beginner,5800,1798,221
392,Dog Emotion and Cognition,Duke University,COURSE,4.6,Mixed,150000,60000,53
393,SAS Visual Business Analytics,SAS,PROFESSIONAL CERTIFICATE,4.6,Beginner,,0,351
394,Learn English: Advanced Academic Speaking and Listening,"University of California, Irvine",SPECIALIZATION,4.5,Intermediate,78000,,194
395,Build a Modern Computer from First Principles: From Nand to Tetris (Project-Centered Course),Hebrew University of Jerusalem,COURSE,4.9,Mixed,95000,,11
396,Financial Acumen for Non-Financial Managers,University of Pennsylvania,COURSE,4.5,Beginner,10000,,77
397,Devenir entrepreneur du changement,Ticket for Change,COURSE,4.7,Mixed,54000,11340,35
398,Operations Analytics,University of Pennsylvania,COURSE,4.7,Mixed,80000,10400,71
399,Data Science Math Skills,Duke University,COURSE,4.5,Beginner,140000,,21
400,Global Diplomacy: the United Nations in the World,SOAS University of London,COURSE,4.7,Beginner,29000,7250,19
401,Infectious Disease Modelling,Imperial College London,SPECIALIZATION,5,Intermediate,1600,,180
402,Software Development Lifecycle,University of Minnesota,SPECIALIZATION,4.6,Intermediate,34000,9180,142
403,System Administration and IT Infrastructure Services,Google,COURSE,4.7,Beginner,,,23
404,International Humanitarian Law in Theory and Practice,Kalshoven-Gieskes Forum,COURSE,4.8,Beginner,22000,,76
405,Основы Digital Маркетинга,National Research University Higher School of Economics,SPECIALIZATION,4.5,Intermediate,19000,6270,185
406,"Competencias digitales. Herramientas de ofimática (Microsoft Word, Excel, Power Point)",,COURSE,4.7,Beginner,43000,,14
407,Virtual Reality,"Goldsmiths, University of London",SPECIALIZATION,4.7,Beginner,37000,12950,241
408,IBM Customer Engagement Specialist Professional Certificate,IBM,COURSE,4.8,Beginner,3300,330,59
409,Managerial Economics and Business Analysis,University of Illinois at Urbana-Champaign,SPECIALIZATION,4.7,Beginner,55000,,217
410,Business Model Innovation,HEC Paris,COURSE,4.7,Mixed,13000,,50
411,Getting Started with Google Sheets,Google Cloud,COURSE,4.6,,18000,,41
412,Introduction to Calculus,The University of Sydney,COURSE,4.8,Intermediate,53000,18020,78
413,A Law Student's Toolkit,Yale University,COURSE,4.7,Mixed,91000,,54
414,Rethinking International Tax Law,Universiteit Leiden,COURSE,4.9,Mixed,36000,,74
415,Fundamentals of Immunology: Innate Immunity and B-Cell Function,Rice University,COURSE,4.7,Intermediate,18000,5940,56
416,"Open Source Software Development, Linux and Git",The Linux Foundation,SPECIALIZATION,4.4,Beginner,13000,,135
417,Introduction to International Criminal Law,Case Western Reserve University,COURSE,4.8,Mixed,,,56
418,"Excel/VBA for Creative Problem Solving, Part 1",University of Colorado Boulder,COURSE,4.8,Beginner,54000,18900,35
419,Excel Skills for Business: Intermediate II,Macquarie University,COURSE,4.8,Intermediate,39000,5460,80
420,Data Visualization with Python,IBM,COURSE,4.6,Intermediate,66000,15840,48
421,Introduction to Classical Music,Yale University,COURSE,4.9,Mixed,150000,24000,29
422,Getting Started with Google Kubernetes Engine,Google Cloud,COURSE,4.5,Intermediate,75000,,66
423,Healthcare Marketplace,University of Minnesota,SPECIALIZATION,4.4,Beginner,36000,,286
424,Public Policy Challenges of the 21st Century,University of Virginia,COURSE,4.6,Beginner,52000,,59
425,Fundamentals of GIS,"University of California, Davis",COURSE,4.8,Beginner,86000,,27
426,Epidemiology for Public Health,Imperial College London,SPECIALIZATION,4.7,Beginner,6400,2432,175
427,Introduction to Artificial Intelligence (AI),IBM,COURSE,4.7,Beginner,44000,,29
428,Introduction to User Experience Design,Georgia Institute of Technology,COURSE,4.5,Beginner,87000,,41
429,Healing with the Arts,University of Florida,COURSE,4.6,Mixed,39000,,53
430,Design-Led Strategy: Design thinking for business strategy and entrepreneurship,The University of Sydney,COURSE,4.6,Intermediate,19000,4750,23
431,Natural Language Processing in TensorFlow,deeplearning.ai,COURSE,4.6,Intermediate,40000,,56
432,Supply Chain Finance and Blockchain Technology,New York Institute of Finance,SPECIALIZATION,4.6,Intermediate,4900,637,232
433,Leading: Human Resource Management and Leadership,Macquarie University,SPECIALIZATION,4.8,Intermediate,16000,,132
434,Data Mining,University of Illinois at Urbana-Champaign,SPECIALIZATION,4.4,Intermediate,140000,,300
435,Making Architecture,IE School of Architecture & Design,COURSE,4.7,Beginner,43000,,23
436,Essentials of Corporate Finance,The University of Melbourne,SPECIALIZATION,4.6,Intermediate,54000,15120,133
437,Architecting with Google Cloud Platform 日本語版,Google Cloud,SPECIALIZATION,4.5,Intermediate,4200,924,267
438,Troubles du spectre de l'autisme : diagnostic,University of Geneva,COURSE,4.9,Intermediate,5400,,26
439,Conflict Management,"University of California, Irvine",SPECIALIZATION,4.3,Beginner,66000,,151
440,"Social Norms, Social Change I",University of Pennsylvania,COURSE,4.6,Beginner,78000,20280,68
441,Fundamental Neuroscience for Neuroimaging,Johns Hopkins University,COURSE,4.6,Beginner,30000,,22
442,FinTech Law and Policy,Duke University,COURSE,4.8,Beginner,9700,,28
443,Inspiring and Motivating Individuals,University of Michigan,COURSE,4.8,Mixed,85000,13600,44
444,Equine Welfare and Management,"University of California, Davis",COURSE,4.8,Beginner,7200,2664,22
445,"Parallel, Concurrent, and Distributed Programming in Java",Rice University,SPECIALIZATION,4.5,Intermediate,30000,,289
446,Essential Google Cloud Infrastructure: Core Services,Google Cloud,COURSE,4.7,Intermediate,68000,14960,69
447,International Security Management,Erasmus University Rotterdam,COURSE,4.5,Beginner,2200,,25
448,Continuous Delivery & DevOps,University of Virginia,COURSE,4.6,Beginner,26000,5720,14
449,Marketing Gerencial,Universidad de Chile,COURSE,4.7,Intermediate,49000,,29
450,COVID-19: What You Need to Know (CME Eligible),Osmosis,COURSE,4.8,Beginner,32000,,44
451,International Business Essentials,University of London,SPECIALIZATION,4.5,Intermediate,22000,,218
452,Art & Ideas: Teaching with Themes,The Museum of Modern Art,COURSE,4.8,Mixed,31000,,54
453,"FinTech: Foundations, Payments, and Regulations",University of Pennsylvania,COURSE,4.7,Beginner,12000,,49
454,Essential Epidemiologic Tools for Public Health Practice,Johns Hopkins University,COURSE,4.7,Beginner,14000,5040,69
455,Success,University of Pennsylvania,COURSE,4.8,Beginner,38000,8740,58
456,Beyond the Sustainable Development Goals (SDGs): Addressing Sustainability and Development,University of Michigan,COURSE,4.6,Mixed,2300,552,62
457,Climate Change and Health: From Science to Action,Yale University,SPECIALIZATION,4.6,,4800,,291
458,Corporate Finance Essentials,IESE Business School,COURSE,4.8,Mixed,56000,15680,59
459,The Teacher and Social and Emotional Learning (SEL),University of Colorado Boulder,SPECIALIZATION,4.7,Beginner,5200,,135
460,The Addicted Brain,Emory University,COURSE,4.6,Beginner,130000,27300,55
461,Engineering Health: Introduction to Yoga and Physiology,New York University,COURSE,4.8,Beginner,14000,4760,16
462,Blockchain Revolution in Financial Services,INSEAD,SPECIALIZATION,4.6,Beginner,1600,,121
463,Creative Problem Solving,University of Minnesota,COURSE,4.3,Mixed,140000,18200,60
464,Microeconomics: The Power of Markets,University of Pennsylvania,COURSE,4.7,Mixed,34000,8500,30
465,Understanding and Visualizing Data with Python,University of Michigan,COURSE,4.7,Beginner,30000,,15
466,Teamwork Skills: Communicating Effectively in Groups,University of Colorado Boulder,COURSE,4.8,Beginner,49000,,42
467,Managerial Accounting Fundamentals,University of Virginia,COURSE,4.9,Beginner,11000,2530,63
468,Autodesk CAD/CAM/CAE for Mechanical Engineering,Autodesk,SPECIALIZATION,4.8,Intermediate,,,242
469,Introduction to Cybersecurity Tools & Cyber Attacks,IBM,COURSE,4.5,Beginner,30000,,67
470,Mindshift: Break Through Obstacles to Learning and Discover Your Hidden Potential,McMaster University,COURSE,4.8,Beginner,230000,,69
471,Neurolinguistics,Saint Petersburg State University,COURSE,4.7,Mixed,41000,,15
472,Optical Engineering,University of Colorado Boulder,SPECIALIZATION,4.2,Advanced,6200,,159
473,Introduction to Probability and Data,Duke University,COURSE,4.7,Beginner,160000,,55
474,Competitive Strategy and Organization Design,Ludwig-Maximilians-Universität München (LMU),SPECIALIZATION,4.7,Intermediate,350000,,272
475,Fundamentals of Reinforcement Learning,University of Alberta,COURSE,4.8,Intermediate,22000,3960,80
476,IT Security: Defense against the digital dark arts,Google,COURSE,4.8,Beginner,62000,,14
477,Politics and Economics of International Energy,Sciences Po,COURSE,4.7,Beginner,34000,,48
478,Business Transformation with Google Cloud,Google Cloud,COURSE,4.7,Beginner,10000,,38
479,Art & Activity: Interactive Strategies for Engaging with Art,The Museum of Modern Art,COURSE,4.8,Mixed,79000,,54
480,Mathematics for Data Science,National Research University Higher School of Economics,SPECIALIZATION,4.5,Beginner,12000,,198
481,More Introduction to Financial Accounting,University of Pennsylvania,COURSE,4.9,Mixed,40000,8800,19
482,Agile Meets Design Thinking,University of Virginia,COURSE,4.7,Beginner,69000,13800,25
483,Supply Chain Analytics,Rutgers the State University of New Jersey,COURSE,4.7,Beginner,7900,2370,78
484,Systems Biology and Biotechnology,Icahn School of Medicine at Mount Sinai,SPECIALIZATION,4.4,Intermediate,,,136
485,Information​ ​Systems,University of Minnesota,SPECIALIZATION,4.7,,16000,,121
486,Budgeting and Scheduling Projects,"University of California, Irvine",COURSE,4.7,Mixed,84000,,43
487,Drug Commercialization,University of California San Diego,COURSE,4.7,Beginner,17000,3570,50
488,AI For Medical Treatment,deeplearning.ai,COURSE,4.8,Intermediate,2400,,71
489,Microeconomics Principles,University of Illinois at Urbana-Champaign,COURSE,4.9,Beginner,73000,,41
490,Dino 101: Dinosaur Paleobiology,University of Alberta,COURSE,4.5,Beginner,35000,4900,33
491,"Applied Plotting, Charting & Data Representation in Python",University of Michigan,COURSE,4.6,Intermediate,97000,,53
492,Искусство ведения бизнеса,Saint Petersburg State University,SPECIALIZATION,4.6,Beginner,14000,,124
493,Bayesian Statistics: From Concept to Data Analysis,"University of California, Santa Cruz",COURSE,4.8,Intermediate,91000,31850,31
494,Ecology: Ecosystem Dynamics and Conservation,American Museum of Natural History,COURSE,4.8,Intermediate,18000,,37
495,Introducción a Data Science: Programación Estadística con R,Universidad Nacional Autónoma de México,COURSE,4.7,Beginner,140000,56000,79
496,Entrepreneurship 2: Launching your Start-Up,University of Pennsylvania,COURSE,4.8,Mixed,38000,5320,49
497,Cybersecurity for Business,University of Colorado System,SPECIALIZATION,4.6,Beginner,23000,,183
498,Big Data – Introducción al uso práctico de datos masivos,Universitat Autònoma de Barcelona,SPECIALIZATION,4.5,Beginner,8800,,247
499,Introduction to Genetics and Evolution,Duke University,COURSE,4.8,Mixed,74000,,77
500,Understanding Einstein: The Special Theory of Relativity,Stanford University,COURSE,4.9,Beginner,89000,33820,20
501,Front-End Web UI Frameworks and Tools: Bootstrap 4,The Hong Kong University of Science and Technology,COURSE,4.8,Intermediate,89000,,64
502,Entrepreneurship: Launching an Innovative Business,"University of Maryland, College Park",SPECIALIZATION,4.6,Beginner,69000,16560,194
503,Plant Bioinformatic Methods,University of Toronto,SPECIALIZATION,4.7,Beginner,83000,,266
504,Spanish Vocabulary: Meeting People,"University of California, Davis",COURSE,4.6,Beginner,71000,,19
505,Model Thinking,University of Michigan,COURSE,4.8,Mixed,130000,,37
506,Social and Economic Networks:  Models and Analysis,Stanford University,COURSE,4.8,Advanced,42000,,28
507,The Art of Music Production,Berklee College of Music,COURSE,4.8,Intermediate,47000,,51
508,Anatomy: Musculoskeletal and Integumentary Systems,University of Michigan,COURSE,4.8,Beginner,20000,,52
509,Feminism and Social Justice,"University of California, Santa Cruz",COURSE,4.8,Beginner,,,13
510,Object-Oriented Data Structures in C++,University of Illinois at Urbana-Champaign,COURSE,4.7,Intermediate,21000,2100,49
511,Introduction to Environmental Law and Policy,The University of North Carolina at Chapel Hill,COURSE,4.8,Mixed,,,79
512,Aprender,Universidad Nacional Autónoma de México,COURSE,4.8,Mixed,200000,,32
513,Graphic Design Elements for Non-Designers,University of Colorado Boulder,SPECIALIZATION,4.7,Beginner,10000,,213
514,Anticorrupción: Introducción a conceptos y perspectiva práctica,Universidad Nacional Autónoma de México,COURSE,4.8,Beginner,11000,,66
515,Solar Energy Basics,The State University of New York,COURSE,4.8,Beginner,17000,3230,40
516,L'excellence opérationnelle en pratique,ESSEC Business School,COURSE,4.7,Beginner,8000,,12
517,Miracles of Human Language: An Introduction to Linguistics,Universiteit Leiden,COURSE,4.7,Beginner,120000,,76
518,Java Programming: Solving Problems with Software,Duke University,COURSE,4.6,Beginner,160000,,53
519,De-Mystifying Mindfulness,Universiteit Leiden,COURSE,4.8,Beginner,150000,,58
520,Fundamentals of Visualization with Tableau,"University of California, Davis",COURSE,4.5,Beginner,81000,,16
521,Foundations of Public Health Practice,Imperial College London,SPECIALIZATION,4.8,Beginner,3200,,207
522,Design and Make Infographics (Project-Centered Course),Michigan State University,COURSE,4.7,Mixed,97000,,12
523,Modernizing Data Lakes and Data Warehouses with GCP,Google Cloud,COURSE,4.7,Intermediate,9100,,32
524,The Science of Training Young Athletes,University of Florida,COURSE,4.9,Beginner,13000,,49
525,"Cameras, Exposure, and Photography",Michigan State University,COURSE,4.7,Mixed,130000,26000,57
526,Palo Alto Networks Cybersecurity,Palo Alto Networks,SPECIALIZATION,4.6,Beginner,9100,2821,133
527,Epidemics - the Dynamics of Infectious Diseases,The Pennsylvania State University,COURSE,4.8,Mixed,45000,6300,70
528,Mathematics for Machine Learning: Multivariate Calculus,Imperial College London,COURSE,4.7,Beginner,51000,,59
529,"Transmedia Storytelling: Narrative worlds, emerging technologies, and global audiences",UNSW Sydney (The University of New South Wales),COURSE,4.8,Mixed,45000,,74
530,Tricky American English Pronunciation,"University of California, Irvine",COURSE,4.7,Beginner,110000,,23
531,FinTech: Finance Industry Transformation and Regulation,The Hong Kong University of Science and Technology,SPECIALIZATION,4.6,Beginner,,,297
532,Renewable Energy and Green Building Entrepreneurship,Duke University,COURSE,4.7,Beginner,24000,,24
533,Introduction to Operations Management,University of Pennsylvania,COURSE,4.5,Mixed,87000,33060,46
534,The Power of Microeconomics: Economic Principles in the Real World,"University of California, Irvine",COURSE,4.7,Mixed,120000,20400,70
535,Nutrition and Lifestyle in Pregnancy,Ludwig-Maximilians-Universität München (LMU),COURSE,4.8,Intermediate,35000,,56
536,"Capstone: Retrieving, Processing, and Visualizing Data with Python",University of Michigan,COURSE,4.6,Mixed,82000,,66
537,Information Visualization,New York University,SPECIALIZATION,4.6,Beginner,10000,3300,167
538,Getting Started with SAS Programming,SAS,COURSE,4.9,Beginner,22000,,36
539,Business Writing,University of Colorado Boulder,COURSE,4.8,Beginner,48000,12960,26
540,Get Interactive: Practical Teaching with Technology,Bloomsbury Learning Exchange,COURSE,4.7,Beginner,14000,,56
541,Les Fondamentaux de la Négociation,ESSEC Business School,COURSE,4.7,Beginner,10000,,44
542,Introduction to Personal Branding,University of Virginia,COURSE,4.4,Beginner,140000,,35
543,What is Compliance?,University of Pennsylvania,COURSE,4.8,Mixed,6200,,28
544,Costos para los Negocios,Universidad de Chile,COURSE,4.8,Intermediate,43000,,50
545,Разработка интерфейсов: вёрстка и JavaScript,E-Learning Development Fund,SPECIALIZATION,4.5,Intermediate,30000,5100,122
546,Kotlin for Java Developers,JetBrains,COURSE,4.7,Intermediate,37000,,76
547,English for Research Publication Purposes,Moscow Institute of Physics and Technology,SPECIALIZATION,4.6,Intermediate,42000,,123
548,Introduction to Data Analysis Using Excel,Rice University,COURSE,4.7,Mixed,99000,,21
549,Information Security: Context and Introduction,"Royal Holloway, University of London",COURSE,4.6,Beginner,32000,,17
550,Mastering Data Analysis in Excel,Duke University,COURSE,4.2,Mixed,280000,,20
551,Aprendiendo a aprender: Poderosas herramientas mentales con las que podrás dominar temas difíciles (Learning How to Learn),University of California San Diego,COURSE,4.9,Beginner,180000,,15
552,Finanzas personales,Universidad Nacional Autónoma de México,COURSE,4.8,Mixed,310000,99200,65
553,Recommender Systems,University of Minnesota,SPECIALIZATION,4.3,Intermediate,29000,,266
554,How Things Work: An Introduction to Physics,University of Virginia,COURSE,4.8,Intermediate,170000,,57
555,"Python Functions, Files, and Dictionaries",University of Michigan,COURSE,4.8,Beginner,26000,7540,34
556,Managing Project Risks and Changes,"University of California, Irvine",COURSE,4.7,Mixed,71000,,40
557,Introduction to Typography,California Institute of the Arts,COURSE,4.8,Beginner,72000,,79
558,Managing Social and Human Capital,University of Pennsylvania,COURSE,4.5,Beginner,27000,,33
559,Teach English Now! Foundational Principles,Arizona State University,COURSE,4.9,Mixed,81000,26730,79
560,Engineering Project Management: Initiating and Planning,Rice University,COURSE,4.7,Beginner,23000,,66
561,Algorithmic Toolbox,University of California San Diego,COURSE,4.7,Intermediate,220000,28600,50
562,Implementación del Marketing Mix,IE Business School,SPECIALIZATION,4.7,Beginner,23000,4140,285
563,Mastering Software Development in R,Johns Hopkins University,SPECIALIZATION,4.3,Beginner,52000,,134
564,Elastic Google Cloud Infrastructure: Scaling and Automation,Google Cloud,COURSE,4.7,Intermediate,57000,,27
565,Biology Meets Programming: Bioinformatics for Beginners,University of California San Diego,COURSE,4.4,Beginner,88000,,77
566,Customer Segmentation and Prospecting,Northwestern University,COURSE,4.7,Beginner,18000,,21
567,Geopolítica y gobernanza global: riesgos y oportunidades,ESADE Business and Law School,COURSE,4.8,Mixed,34000,,16
568,Getting Started with AWS Machine Learning,Amazon Web Services,COURSE,4.5,Intermediate,73000,17520,56
569,Foundations of Marketing Analytics,Emory University,SPECIALIZATION,4.2,,27000,7290,221
570,"Epidemics, Pandemics and Outbreaks",University of Pittsburgh,COURSE,4.7,Mixed,23000,,39
571,IBM AI Enterprise Workflow,IBM,SPECIALIZATION,4.4,Advanced,3500,945,212
572,Industrial IoT on Google Cloud Platform,Google Cloud,COURSE,4.5,Beginner,34000,9180,67
573,Architecting with Google Kubernetes Engine 日本語版,Google Cloud,SPECIALIZATION,4.5,Beginner,3900,,261
574,Social Policy for Social Services & Health Practitioners,Columbia University,SPECIALIZATION,4.8,Beginner,4200,,142
575,Mastering Final Cut Pro,LearnQuest,COURSE,4.6,Beginner,8400,2520,67
576,The Oral Cavity: Portal to Health and Disease,University of Pennsylvania,COURSE,4.9,Intermediate,9400,,11
577,Leadership in 21st Century Organizations,Copenhagen Business School,COURSE,4.7,Mixed,34000,,72
578,Global Environmental Management,Technical University of Denmark (DTU),COURSE,4.6,Intermediate,22000,,57
579,International Law in Action: A Guide to the International Courts and Tribunals in The Hague,Universiteit Leiden,COURSE,4.8,Mixed,36000,,28
580,Sports and Society,Duke University,COURSE,4.8,Mixed,16000,,70
581,Fundamentals of Engineering Exam Review,Georgia Institute of Technology,COURSE,4.7,Mixed,49000,,35
582,Interviewing and Resume Writing in English,"University of Maryland, College Park",SPECIALIZATION,4.6,Intermediate,66000,13860,268
583,Sustainable Tourism – promoting environmental public health,University of Copenhagen,COURSE,4.6,Beginner,9400,3008,60
584,Think Again I: How to Understand Arguments,Duke University,COURSE,4.6,Beginner,200000,,47
585,Machine Learning for All,University of London,COURSE,4.6,Beginner,19000,,62
586,Julia Scientific Programming,University of Cape Town,COURSE,4.5,Beginner,22000,,79
587,The Horse Course: Introduction to Basic Care and Management,University of Florida,COURSE,4.9,Mixed,29000,,12
588,Summary Statistics in Public Health,Johns Hopkins University,COURSE,4.8,Beginner,11000,3410,38
589,Version Control with Git,Atlassian,COURSE,4.8,Mixed,40000,,24
590,Autodesk Certified Professional: Revit for Architectural Design Exam Prep,Autodesk,COURSE,4.7,Advanced,9700,,57
591,Excel Skills for Business: Advanced,Macquarie University,COURSE,4.7,Intermediate,39000,,51
592,Strategic Sales Management,Fundação Instituto de Administração,SPECIALIZATION,4.5,Intermediate,9200,,220
593,International migrations: a global issue,Sciences Po,COURSE,4.6,Beginner,11000,,69
594,Introduction to Cloud Computing,IBM,COURSE,4.6,Beginner,2600,,36
595,UX Design Fundamentals,California Institute of the Arts,COURSE,4.8,Beginner,25000,,62
596,Healthcare Organization Operations,Rutgers the State University of New Jersey,SPECIALIZATION,4.6,Beginner,5500,,128
597,Municipal Solid Waste Management in Developing Countries,École Polytechnique Fédérale de Lausanne,COURSE,4.8,,59000,14750,33
598,"English for Science, Technology, Engineering, and Mathematics",University of Pennsylvania,COURSE,4.8,Beginner,110000,37400,15
599,Democracia y decisiones públicas. Introducción al análisis de políticas públicas,Universitat Autònoma de Barcelona,COURSE,4.8,Beginner,44000,4840,61
600,Songwriting: Writing the Lyrics,Berklee College of Music,COURSE,4.8,Beginner,68000,23800,24
601,Sales Operations/Management,West Virginia University,SPECIALIZATION,4.4,Beginner,5600,1624,145
602,Bayesian Statistics: Techniques and Models,"University of California, Santa Cruz",COURSE,4.8,Intermediate,29000,,37
603,Using Python to Interact with the Operating System,Google,COURSE,4.7,Beginner,19000,,43
604,Accounting Analytics,University of Pennsylvania,COURSE,4.5,Mixed,80000,,44
605,Data Analytics for Lean Six Sigma,University of Amsterdam,COURSE,4.8,Beginner,24000,7200,19
606,Positive Psychology: Applications and Interventions,University of Pennsylvania,COURSE,4.8,Beginner,23000,7360,21
607,Éxito Profesional,"University of California, Irvine",SPECIALIZATION,4.5,Beginner,69000,,121
608,Introduction to Blockchain Technologies,INSEAD,COURSE,4.7,Beginner,16000,,26
609,How to Start Your Own Business,Michigan State University,SPECIALIZATION,4.1,Beginner,34000,,300
610,Building Scalable Java Microservices with Spring Boot and Spring Cloud,Google Cloud,COURSE,4.3,Intermediate,24000,,78
611,Business English,Arizona State University,SPECIALIZATION,4.7,Intermediate,38000,5320,231
612,Access Controls,(ISC)²,COURSE,4.6,Beginner,2900,,19
613,English Composition I,Duke University,COURSE,4.6,Beginner,200000,32000,30
614,User Interface Design,University of Minnesota,SPECIALIZATION,4.6,Intermediate,43000,,179
615,International Marketing & Cross Industry Growth,Yonsei University,SPECIALIZATION,4.6,Beginner,26000,7800,201
616,The Truth About Cats and Dogs,The University of Edinburgh,COURSE,4.7,,33000,12210,63
617,Introduction to Portfolio Construction and Analysis with Python,EDHEC Business School,COURSE,4.8,Mixed,11000,1870,13
618,Unity XR: How to Build AR and VR Apps,Unity,SPECIALIZATION,4.2,Beginner,12000,,123
619,Write A Feature Length Screenplay For Film Or Television,Michigan State University,COURSE,4.9,Beginner,12000,,58
620,Introduction to Breast Cancer,Yale University,COURSE,4.9,Mixed,27000,4320,51
621,Computer Security and Systems Management,University of Colorado System,SPECIALIZATION,4.6,Beginner,27000,,120
622,"Resilience in Children Exposed to Trauma, Disaster and War: Global Perspectives",University of Minnesota,COURSE,4.8,Mixed,15000,,21
623,Entrepreneurship Strategy: From Ideation to Exit,HEC Paris,COURSE,4.8,Beginner,20000,2400,56
624,Driving business towards the Sustainable Development Goals,Erasmus University Rotterdam,COURSE,4.8,Beginner,5600,,59
625,Introduction to Web Development,"University of California, Davis",COURSE,4.7,Beginner,76000,,77
626,Process Mining: Data science in Action,Eindhoven University of Technology,COURSE,4.8,Intermediate,39000,,40
627,Dermatology: Trip to skin,Novosibirsk State University ,COURSE,4.4,Beginner,8200,,29
628,Introduction to Engineering Mechanics,Georgia Institute of Technology,COURSE,4.7,Mixed,150000,,12
629,Search Engine Optimization Fundamentals,"University of California, Davis",COURSE,4.7,Mixed,47000,9400,56
630,Applied Machine Learning in Python,University of Michigan,COURSE,4.6,Intermediate,150000,,23
631,AWS Fundamentals: Addressing Security Risk,Amazon Web Services,COURSE,4.3,Beginner,11000,,25
632,Roman Architecture,Yale University,COURSE,4.9,Beginner,30000,,29
633,Fundamentals of Music Theory,The University of Edinburgh,COURSE,4.6,Beginner,180000,,50
634,Reporting extra-financier et stratégie RSE,ESSEC Business School,COURSE,4.7,Beginner,5200,,50
635,A Life of Happiness and Fulfillment,Indian School of Business,COURSE,4.8,Mixed,320000,,13
636,Egiptología (Egyptology),Universitat Autònoma de Barcelona,COURSE,4.9,Beginner,46000,,42
637,Applied Data Science Capstone,IBM,COURSE,4.7,Intermediate,42000,,25
638,Unraveling the Cycling City,,COURSE,4.9,Intermediate,3900,546,34
639,Japanese for beginners 1,Saint Petersburg State University,COURSE,4.6,Beginner,4400,,44
640,Implementing RPA with Cognitive Automation and Analytics,Automation Anywhere,SPECIALIZATION,4.6,Beginner,2200,,226
641,Econometrics: Methods and Applications,Erasmus University Rotterdam,COURSE,4.7,Mixed,110000,27500,78
642,Basic Statistics,University of Amsterdam,COURSE,4.6,Beginner,180000,54000,66
643,Global Energy and Climate Policy,SOAS University of London,COURSE,4.5,Beginner,10000,,61
644,Developing Applications with Google Cloud Platform 日本語版,Google Cloud,SPECIALIZATION,4.8,Intermediate,4000,,251
645,Boosting Creativity for Innovation,HEC Paris,COURSE,4.9,Beginner,9500,,10
646,Positive Psychology: Resilience Skills,University of Pennsylvania,COURSE,4.6,Beginner,40000,,32
647,Systems Thinking In Public Health,,COURSE,4.9,Mixed,33000,,59
648,Strategic Business Analytics,ESSEC Business School,SPECIALIZATION,4.3,Advanced,60000,14400,145
649,Introduction to Embedded Systems Software and Development Environments,University of Colorado Boulder,COURSE,4.5,Intermediate,41000,,23
650,Gestión de organizaciones efectivas,Pontificia Universidad Católica de Chile,COURSE,4.7,Mixed,47000,18800,10
651,Arts and Culture Strategy,National Arts Strategies,COURSE,4.6,Mixed,15000,,65
652,Mountains 101,University of Alberta,COURSE,4.9,Mixed,44000,,37
653,Building Batch Data Pipelines on GCP,Google Cloud,COURSE,4.5,Intermediate,7300,,26
654,Leadership Development for Engineers,Rice University,SPECIALIZATION,4.7,Beginner,17000,,204
655,Code Yourself! An Introduction to Programming,The University of Edinburgh,COURSE,4.7,Beginner,120000,,73
656,Leading Healthcare Quality and Safety,The George Washington University,COURSE,4.8,Beginner,16000,,44
657,Stories of Infection,Stanford University,COURSE,4.9,Intermediate,28000,2800,56
658,"Recruiting, Hiring, and Onboarding Employees",University of Minnesota,COURSE,4.7,Mixed,35000,,79
659,"Introduction to Trading, Machine Learning & GCP",New York Institute of Finance,COURSE,4,Intermediate,13000,,85
660,Smart Cities – Management of Smart Urban Infrastructures,École Polytechnique Fédérale de Lausanne,COURSE,4.6,Beginner,22000,3960,29
661,ADHD: Everyday Strategies for Elementary Students,University at Buffalo,COURSE,4.7,Beginner,39000,,21
662,C for Everyone: Programming Fundamentals,"University of California, Santa Cruz",COURSE,4.5,Beginner,31000,11470,59
663,Antibiotic Stewardship,Stanford University,COURSE,4.5,Advanced,11000,,78
664,Introduction to CSS3,University of Michigan,COURSE,4.8,Mixed,84000,,52
665,Perfect Tenses and Modals,"University of California, Irvine",COURSE,4.7,Intermediate,79000,,51
666,The Technology of Music Production,Berklee College of Music,COURSE,4.8,Beginner,28000,,53
667,Internet Connection: How to Get Online?,Cisco,COURSE,4.7,Beginner,36000,,40
668,Periodismo digital y combate a las fake news,Universidad Nacional Autónoma de México,COURSE,4.9,Beginner,8900,,18
669,Marketing Verde,Universidad de los Andes,COURSE,4.8,Mixed,58000,,57
670,Building Conversational Experiences with Dialogflow,Google Cloud,COURSE,4.5,Beginner,22000,,38
671,"The Modern World, Part Two: Global History since 1910",University of Virginia,COURSE,4.8,Beginner,47000,,12
672,Becoming a changemaker: Introduction to Social Innovation,University of Cape Town,COURSE,4.8,Beginner,61000,,73
673,Innovation: From Creativity to Entrepreneurship,University of Illinois at Urbana-Champaign,SPECIALIZATION,4.8,Beginner,25000,,171
674,Design Thinking for the Greater Good: Innovation in the Social Sector,University of Virginia,COURSE,4.6,Beginner,17000,,71
675,Diseño Instruccional: Aprendizaje activo y Pedagogía digital,Tecnológico de Monterrey,SPECIALIZATION,4.6,Beginner,4000,,299
676,Understanding Cancer Metastasis,Johns Hopkins University,COURSE,4.8,Beginner,29000,,10
677,The Social Context of Mental Health and Illness,University of Toronto,COURSE,4.6,,19000,2090,59
678,Cuidado de heridas en el ámbito hospitalario,Universidad Nacional Autónoma de México,COURSE,4.8,Intermediate,26000,,74
679,Data Engineering on Google Cloud Platform 日本語版,Google Cloud,SPECIALIZATION,4.4,Intermediate,3000,840,201
680,Stanford's Short Course on Breastfeeding,Stanford University,COURSE,4.7,Beginner,17000,2550,65
681,Getting Started With Music Theory,Michigan State University,COURSE,4.5,Beginner,59000,,33
682,Financial Reporting,University of Illinois at Urbana-Champaign,SPECIALIZATION,4.8,Intermediate,12000,3720,185
683,Probabilistic Graphical Models 1: Representation,Stanford University,COURSE,4.7,Advanced,68000,,44
684,Write Your First Novel,Michigan State University,COURSE,4.4,Beginner,18000,,24
685,Nanotechnology: A Maker’s Course,Duke University,COURSE,4.8,Mixed,21000,,44
686,Data Visualization and Communication with Tableau,Duke University,COURSE,4.7,Mixed,,,42
687,Biohacking Your Brain's Health,Emory University,COURSE,4.6,Beginner,35000,,52
688,Bugs 101: Insect-Human Interactions,University of Alberta,COURSE,4.9,Beginner,15000,1800,68
689,Introduction to Intellectual Property,University of Pennsylvania,COURSE,4.8,Beginner,6000,,12
690,The Science of Stem Cells,American Museum of Natural History,COURSE,4.7,Intermediate,12000,3000,70
691,"Corrección, estilo y  variaciones de la lengua española",Universitat Autònoma de Barcelona,COURSE,4.6,Beginner,75000,,28
692,Practical Time Series Analysis,The State University of New York,COURSE,4.6,Intermediate,39000,,19
693,Esports,"University of California, Irvine",SPECIALIZATION,4.5,Beginner,1800,522,226
694,Geopolitics of Europe,Sciences Po,COURSE,4.3,Mixed,19000,,52
695,Sharpened Visions: A Poetry Workshop,California Institute of the Arts,COURSE,4.7,Beginner,61000,,67
696,The Science of Success: What Researchers Know that You Should Know,University of Michigan,COURSE,4.8,Beginner,59000,,69
697,Discrete Optimization,The University of Melbourne,COURSE,4.9,Intermediate,40000,8000,77
698,From the Big Bang to Dark Energy,The University of Tokyo,COURSE,4.8,Beginner,52000,,56
699,Liderazgo efectivo para el siglo XXI,Universidad de los Andes,SPECIALIZATION,4.8,Intermediate,23000,,237
700,Homeland Security and Cybersecurity,University of Colorado System,SPECIALIZATION,4.7,Beginner,5500,2145,157
701,International Cyber Conflicts,The State University of New York,COURSE,4.4,Mixed,25000,8500,34
702,Autodesk Certified Professional: AutoCAD for Design and Drafting Exam Prep,Autodesk,COURSE,4.7,Advanced,22000,,15
703,Основы программирования на Python,National Research University Higher School of Economics,COURSE,4.6,Beginner,83000,,60
704,Entrepreneurship 3: Growth Strategies,University of Pennsylvania,COURSE,4.7,Beginner,31000,,69
705,Fundamentos de la escritura,Tecnológico de Monterrey,COURSE,4.6,Beginner,47000,13630,31
706,Modeling Risk and Realities,University of Pennsylvania,COURSE,4.6,Mixed,36000,14400,42
707,Ecosystem Services: a Method for Sustainable Development,,COURSE,4.7,Intermediate,16000,3200,67
708,Epigenetic Control of Gene Expression,The University of Melbourne,COURSE,4.8,Mixed,35000,4200,67
709,Communication Skills for Engineers,Rice University,SPECIALIZATION,4.7,Beginner,15000,2550,247
710,Gut Check: Exploring Your Microbiome,University of California San Diego,COURSE,4.7,Mixed,62000,,69
711,Diseño y Creación de un Emprendimiento Social,Pontificia Universidad Católica de Chile,COURSE,4.9,Beginner,21000,,34
712,Security & Safety Challenges in a Globalized World,Universiteit Leiden,COURSE,4.7,Beginner,14000,1400,19
713,Introduction to Business Analytics: Communicating with Data,University of Illinois at Urbana-Champaign,COURSE,4.7,Intermediate,14000,,72
714,Corporate Strategy,UCL School of Management,COURSE,4.8,Beginner,7800,,59
715,Probability and Statistics: To p or not to p?,University of London,COURSE,4.6,Beginner,36000,,52
716,The hidden value – Lean in manufacturing and services,École des Ponts ParisTech,COURSE,4.7,Beginner,14000,,16
717,"Globalization, Economic Growth and Stability",IE Business School,SPECIALIZATION,4.8,Intermediate,44000,7920,131
718,Chemicals and Health,Johns Hopkins University,COURSE,4.7,Beginner,23000,,44
719,Blockchain: Foundations and Use Cases,ConsenSys Academy,COURSE,4.7,Beginner,,0,48
720,Developing Industrial Internet of Things,University of Colorado Boulder,SPECIALIZATION,4.6,Intermediate,8000,,155
721,Foundations of Business Strategy,University of Virginia,COURSE,4.8,Beginner,63000,,72
722,Корпоративные финансы и стоимость компании,National Research University Higher School of Economics,SPECIALIZATION,4.5,Beginner,16000,,193
723,Introduction to Cyber Attacks,New York University,COURSE,4.7,Beginner,27000,,28
724,Fundamentos de Excel para Negocios,Universidad Austral,COURSE,4.7,Beginner,150000,,21
725,Corporate & Commercial Law I: Contracts & Employment Law,University of Illinois at Urbana-Champaign,COURSE,4.8,Intermediate,10000,,29
726,Chicken Behaviour and Welfare,The University of Edinburgh,COURSE,4.7,Mixed,19000,,15
727,Accounting for Decision Making,University of Michigan,COURSE,4.8,Intermediate,9900,2277,25
728,Construction Cost Estimating and Cost Control,Columbia University,COURSE,4.7,Beginner,19000,3610,66
729,Introduction to Self-Driving Cars,,COURSE,4.8,Advanced,39000,,58
730,Cuidados y procedimientos generales en la atención del recién nacido,Universidad de Chile,COURSE,4.8,Intermediate,22000,,22
731,Project Execution,"University of California, Irvine",COURSE,4.2,Beginner,70000,25900,70
732,Programming Fundamentals,Duke University,COURSE,4.7,Beginner,19000,,43
733,Emerging Technologies: From Smartphones to IoT to Big Data,Yonsei University,SPECIALIZATION,4.6,Beginner,17000,2890,146
734,Getting Started with Go,"University of California, Irvine",COURSE,4.6,Intermediate,59000,,68
735,Introduction to Thermodynamics: Transferring Energy from Here to There,University of Michigan,COURSE,4.8,Beginner,4100,,23
736,Challenging Forensic Science: How Science Should Speak to Court,University of Lausanne,COURSE,4.8,Beginner,31000,,21
737,Chinese for HSK 1,Peking University,COURSE,4.8,Beginner,22000,,29
738,Business English: Networking,University of Washington,COURSE,4.7,Intermediate,77000,,10
739,Health Information Literacy for Data Analytics,"University of California, Davis",SPECIALIZATION,4.5,Intermediate,5400,1944,294
740,Global Trends for Business and Society,University of Pennsylvania,COURSE,4.8,Mixed,7600,1824,29
741,Introdução aos Princípios e Práticas da Gestão De Projetos,Universidade de São Paulo,SPECIALIZATION,4.9,Beginner,4500,,145
742,Fundamentos Empresariales,University of Pennsylvania,SPECIALIZATION,4.6,Beginner,25000,,166
743,A Crash Course in Causality:  Inferring Causal Effects from Observational Data,University of Pennsylvania,COURSE,4.7,Intermediate,17000,,35
744,Introduction to User Experience Principles and Processes,University of Michigan,COURSE,4.8,Beginner,16000,,10
745,Introduction to Electronics,,COURSE,4.7,Mixed,110000,38500,42
746,Understanding Plants - Part I: What a Plant Knows,Tel Aviv University,COURSE,4.8,Beginner,49000,11270,37
747,"Innovation Through Design: Think, Make, Break, Repeat",The University of Sydney,COURSE,4.8,Beginner,10000,1200,48
748,Improving Leadership & Governance in Nonprofit Organizations,Luther College at the University of Regina,SPECIALIZATION,4.4,Beginner,18000,,190
749,Strategy and Sustainability,IESE Business School,COURSE,4.6,Beginner,11000,,70
750,"L'impact investing, la finance qui change le monde",ESSEC Business School,SPECIALIZATION,4.6,Beginner,6300,1764,228
751,Blended Language Learning: Design and Practice for Teachers,University of Colorado Boulder,COURSE,4.8,Intermediate,1900,,15
752,Analysing: Numeric and digital literacies,Macquarie University,SPECIALIZATION,4.6,Beginner,7900,1106,229
753,Astrobiology and the Search for Extraterrestrial Life,The University of Edinburgh,COURSE,4.7,Mixed,66000,9240,30
754,Spacecraft Dynamics and Control,University of Colorado Boulder,SPECIALIZATION,4.8,Advanced,12000,,166
755,"Leading for Equity, Diversity and Inclusion in Higher Education",University of Michigan,COURSE,4.7,Intermediate,5900,,30
756,Developing Your Musicianship,Berklee College of Music,COURSE,4.8,Mixed,41000,,47
757,Guitar for Beginners,Berklee College of Music,COURSE,4.8,Mixed,210000,56700,59
758,Introduction to Systems Engineering,UNSW Sydney (The University of New South Wales),COURSE,4.7,Mixed,33000,,15
759,The Cycle: Management of Successful Arts and Cultural Organizations,"University of Maryland, College Park",COURSE,4.8,Beginner,11000,,43
760,Supply Chain Operations,Rutgers the State University of New Jersey,COURSE,4.8,Beginner,24000,,65
761,Global Financing Solutions  (by EDHEC and Société Générale),EDHEC Business School,COURSE,4.6,Intermediate,3600,,24
762,Intercultural Management,ESCP Business School,COURSE,4.6,Beginner,6500,,61
763,Sample-based Learning Methods,University of Alberta,COURSE,4.8,Intermediate,6800,1292,25
764,Dairy Production and Management,The Pennsylvania State University,COURSE,4.8,Mixed,23000,,65
765,Palliative Care: It's Not Just Hospice Anymore,University of Colorado System,SPECIALIZATION,4.8,Beginner,3200,,131
766,Introduction to Statistics & Data Analysis in Public Health,Imperial College London,COURSE,4.7,Beginner,12000,4560,39
767,How To Create a Website in a Weekend! (Project-Centered Course),The State University of New York,COURSE,3.3,Mixed,140000,,120
768,The Changing Global Order,Universiteit Leiden,COURSE,4.7,Intermediate,23000,,27
769,Love as a Force for Social Justice,Stanford University,COURSE,4.7,Beginner,14000,,21
770,Enterprise Architecture,Peter the Great St. Petersburg Polytechnic University,COURSE,4.4,Beginner,2400,816,36
771,"Ready, Set, Future! Introduction to Futures Thinking",Institute for the Future,COURSE,4.8,Beginner,7700,2926,78
772,Sexualidad...mucho más que sexo,Universidad de los Andes,COURSE,4.8,Beginner,110000,11000,15
773,Effective Compliance Programs,University of Pennsylvania,COURSE,4.9,Mixed,3400,,42
774,Introduction to Imagemaking,California Institute of the Arts,COURSE,4.5,Beginner,54000,,38
775,Foundations of Everyday Leadership,University of Illinois at Urbana-Champaign,COURSE,4.8,Mixed,62000,13640,27
776,Becoming a Sports Agent,,COURSE,4.7,Beginner,6500,1300,53
777,Cloud Computing Basics (Cloud 101),LearnQuest,COURSE,4.5,Beginner,37000,5550,74
778,Finance for Non-Financial Managers,Emory University,COURSE,4.4,Intermediate,,,58
779,iOS App Development with Swift,University of Toronto,SPECIALIZATION,3.9,Intermediate,76000,,330
780,Introduction to Computer Programming,"Goldsmiths, University of London",COURSE,4.3,Beginner,20000,2800,10
781,Sales Training for High Performing Teams,HubSpot Academy,SPECIALIZATION,4.7,Beginner,16000,,219
782,Atención Primaria en Salud: El desafío de las Enfermedades no Transmisibles,Pontificia Universidad Católica de Chile,COURSE,4.8,Intermediate,33000,7590,23
783,Data Collection and Processing with Python,University of Michigan,COURSE,4.7,Intermediate,19000,,76
784,Music Business Foundations,Berklee College of Music,COURSE,4.9,Mixed,34000,,24
785,Hacia una práctica constructivista en el aula,Pontificia Universidad Católica de Chile,COURSE,4.8,Mixed,62000,,67
786,Learn English,Tsinghua University,SPECIALIZATION,4.3,Beginner,22000,5060,217
787,Wonders of Ancient Egypt,University of Pennsylvania,COURSE,4.8,Intermediate,17000,5950,66
788,Teaching Character and Creating Positive Classrooms,Relay Graduate School of Education,COURSE,4.8,Mixed,53000,20670,73
789,El Abogado del Futuro: Legaltech y la Transformación Digital del Derecho,Universidad Austral,COURSE,5,Beginner,1500,,40
790,Functional Programming Principles in Scala,École Polytechnique Fédérale de Lausanne,COURSE,4.8,Intermediate,170000,,16
791,Magic in the Middle Ages,Universitat de Barcelona,COURSE,4.6,Beginner,78000,,41
792,Six Sigma and the Organization (Advanced),University System of Georgia,COURSE,4.7,Intermediate,15000,,48
793,"Creatividad, diseño e innovación: Técnicas y herramientas",Arizona State University,SPECIALIZATION,4.7,Beginner,150000,52500,233
794,Construction Scheduling,Columbia University,COURSE,4.8,Beginner,15000,,22
795,New Approaches to Countering Terror: Countering Violent Extremism,"University of Maryland, College Park",COURSE,4.7,Beginner,12000,,31
796,Managing Your Health: The Role of Physical Therapy and Exercise,University of Toronto,COURSE,4.6,Beginner,47000,,68
797,Ancient Philosophy: Aristotle and His Successors,University of Pennsylvania,COURSE,4.8,Mixed,8100,2511,29
798,Strategising: Management for Global Competitive Advantage,Macquarie University,SPECIALIZATION,4.8,Intermediate,30000,,213
799,Antimicrobial resistance - theory and methods,Technical University of Denmark (DTU),COURSE,4.6,Intermediate,63000,,75
800,Cómo hablar bien en público,Universitat Autònoma de Barcelona,COURSE,4.8,Beginner,55000,18700,26
801,Strategic Management,Copenhagen Business School,COURSE,4.7,Mixed,58000,,77
802,Gender and Sexuality: Diversity and Inclusion in the Workplace,University of Pittsburgh,COURSE,4.7,Beginner,14000,1680,60
803,Hardware Description Languages for FPGA Design,University of Colorado Boulder,COURSE,4.2,Intermediate,7400,,70
804,Data Visualization with Advanced Excel,PwC,COURSE,4.8,Beginner,60000,16200,60
805,Influencer Marketing Strategy,Rutgers the State University of New Jersey,COURSE,4.4,Intermediate,12000,2880,33
806,Dentistry 101,University of Michigan,COURSE,4.7,Beginner,4500,,10
807,Teach English Now! Teaching Language Online,Arizona State University,COURSE,4.4,Intermediate,8500,,71
808,Preparing for the Google Cloud Associate Cloud Engineer Exam,Google Cloud,COURSE,4.7,Beginner,22000,3740,15
809,Become a Sustainable Business Change Agent,University of Colorado System,SPECIALIZATION,4.7,Intermediate,4200,,163
810,Patrocinio Deportivo,Universitat Autònoma de Barcelona,COURSE,4.6,Beginner,12000,,60
811,Математика и Python для анализа данных,E-Learning Development Fund,COURSE,4.8,,67000,,40
812,Data Analysis and Interpretation,Wesleyan University,SPECIALIZATION,4.4,Beginner,100000,,216
813,Decision-Making and Scenarios,,COURSE,4.6,Mixed,31000,5890,80
814,"Sleep: Neurobiology, Medicine, and Society",University of Michigan,COURSE,4.8,Beginner,20000,,39
815,Control of Mobile Robots,Georgia Institute of Technology,COURSE,4.8,Mixed,49000,18130,73
816,BIM Fundamentals for Engineers,National Taiwan University,COURSE,4.6,Beginner,13000,1300,48
817,Social Entrepreneurship,Copenhagen Business School,SPECIALIZATION,4.6,Beginner,13000,,177
818,The Science of Gastronomy,The Hong Kong University of Science and Technology,COURSE,4.6,Mixed,50000,,75
819,Aboriginal Worldviews and Education,University of Toronto,COURSE,4.7,Mixed,6600,,34
820,Curanderismo: Traditional Healing Using Plants,University of New Mexico,COURSE,4.6,Beginner,5500,,47
821,Cybersecurity and Its Ten Domains,University System of Georgia,COURSE,4.2,Beginner,140000,,56
822,Strategic Business Management - Microeconomics,"University of California, Irvine",COURSE,4.7,Beginner,9500,,50
823,Quantitative Methods,University of Amsterdam,COURSE,4.7,Mixed,69000,24150,14
824,Building Your Leadership Skills,HEC Paris,COURSE,4.5,Mixed,67000,,64
825,Advertising and Society,Duke University,COURSE,4.8,Mixed,14000,,54
826,The Pronunciation of American English,"University of California, Irvine",SPECIALIZATION,4.6,Beginner,1700,,215
827,Queering Identities: LGBTQ+ Sexuality and Gender Identity,University of Colorado System,COURSE,4.9,Beginner,3000,,56
828,AWS Fundamentals: Migrating to the Cloud,Amazon Web Services,COURSE,4.5,Intermediate,13000,,36
829,What future for education?,UCL Institute of Education,COURSE,4.7,Mixed,35000,,59
830,Introduction to Ableton Live,Berklee College of Music,COURSE,4.8,Mixed,60000,,50
831,Machine Learning Foundations: A Case Study Approach,University of Washington,COURSE,4.6,,240000,,68
832,EMT Foundations,University of Colorado System,COURSE,4.8,Beginner,7100,,42
833,Russian Alphabet,Saint Petersburg State University,COURSE,4.7,Beginner,3200,1056,49
834,Internet Giants: The Law and Economics of Media Platforms,The University of Chicago,COURSE,4.8,Mixed,38000,5320,39
835,Global Financial Markets and Instruments,Rice University,COURSE,4.6,Mixed,37000,,15
836,Secure Coding Practices,"University of California, Davis",SPECIALIZATION,4.4,Intermediate,6400,1664,208
837,Instructional Methods in Health Professions Education,University of Michigan,COURSE,4.6,Intermediate,9700,1067,75
838,Actualización en el manejo del paciente con diabetes mellitus tipo 2,Universidad Nacional Autónoma de México,COURSE,4.8,Mixed,23000,,36
839,Legal Tech & Startups,IE Business School,COURSE,4.5,Intermediate,7200,2880,36
840,Materials Science: 10 Things Every Engineer Should Know,"University of California, Davis",COURSE,4.7,Mixed,48000,,16
841,Основы разработки на C++: белый пояс,E-Learning Development Fund,COURSE,4.9,Intermediate,41000,6150,62
842,Networking and Security Architecture with VMware NSX,VMware,COURSE,4.8,Intermediate,17000,,31
843,Linear Circuits 1: DC Analysis,Georgia Institute of Technology,COURSE,4.6,Mixed,29000,,45
844,Introduction aux Droits de l’Homme,University of Geneva,COURSE,4.8,Mixed,46000,,26
845,"High Performance Collaboration: Leadership, Teamwork, and Negotiation",Northwestern University,COURSE,4.8,Mixed,46000,12420,43
846,Agile и Scrum в работе над проектами и продуктами,ScrumTrek,COURSE,4.9,Beginner,12000,,46
847,Estadística y probabilidad,,COURSE,4.7,Beginner,27000,,61
848,Classical Sociological Theory,University of Amsterdam,COURSE,4.8,Mixed,51000,,24
849,Google Cloud Platform Fundamentals for AWS Professionals,Google Cloud,COURSE,4.7,Intermediate,36000,,29
850,Introduction to Game Development,Michigan State University,COURSE,4.8,Mixed,79000,,37
851,Formulación y evaluación de proyectos complejos,Universidad de los Andes,COURSE,4.9,Intermediate,4400,,45
852,Digital Media and Marketing Strategies,University of Illinois at Urbana-Champaign,COURSE,4.4,Mixed,57000,,76
853,Age of Cathedrals,Yale University,COURSE,4.7,Beginner,21000,6300,60
854,Cost and Economics in Pricing Strategy,University of Virginia,COURSE,4.8,Beginner,15000,,76
855,Digital Business Models,Lund University,COURSE,4.5,Beginner,21000,,50
856,"Identifying, Monitoring, and Analyzing Risk and Incident Response and Recovery",(ISC)²,COURSE,4.9,Beginner,1700,,77
857,Fundamentos Estratégicos Empresariales,Universidad Nacional Autónoma de México,SPECIALIZATION,4.6,Beginner,56000,10080,190
858,¿Qué hacen los buenos directivos? Prioridades de la Alta Dirección,IESE Business School,COURSE,4.7,Beginner,25000,,17
859,Software Processes and Agile Practices,University of Alberta,COURSE,4.7,Mixed,60000,16800,58
860,Scaling Operations: Linking Strategy and Execution,Northwestern University,COURSE,4.5,Mixed,12000,,79
861,AWS Fundamentals: Building Serverless Applications,Amazon Web Services,COURSE,4.7,Beginner,27000,9180,16
862,Introduction to Big Data,University of California San Diego,COURSE,4.6,Mixed,160000,,42
863,Front-End Web Development with React,The Hong Kong University of Science and Technology,COURSE,4.7,Intermediate,45000,,43
864,The Economics of Health Care Delivery,University of Pennsylvania,COURSE,4.8,Mixed,7200,2376,11
865,Unity Certified Programmer Exam Preparation,Unity,SPECIALIZATION,4.5,Intermediate,6100,1952,138
866,Introdução à Ciência da Computação com Python Parte 1,Universidade de São Paulo,COURSE,4.9,Beginner,120000,44400,53
867,Osteoarchaeology: The Truth in Our Bones,Universiteit Leiden,COURSE,4.7,Beginner,22000,,80
868,Requirements Engineering: Secure Software  Specifications,University of Colorado System,SPECIALIZATION,4.6,Beginner,7200,,282
869,Python Classes and Inheritance,University of Michigan,COURSE,4.7,Intermediate,21000,3570,59
870,Electric Industry Operations and Markets,Duke University,COURSE,4.8,Beginner,12000,,16
871,Data and Health Indicators in Public Health Practice,Johns Hopkins University,COURSE,4.7,Beginner,18000,,52
872,Particle Physics: an Introduction,University of Geneva,COURSE,4.5,Mixed,42000,,46
873,Mathematics for Machine Learning: PCA,,COURSE,4,Intermediate,,0,54
874,A Crash Course in Data Science,Johns Hopkins University,COURSE,4.5,Mixed,130000,,23
875,Русский как иностранный,Saint Petersburg State University,SPECIALIZATION,4.6,Intermediate,9800,3822,157
876,Research Data Management and Sharing,The University of Edinburgh,COURSE,4.6,Mixed,16000,4960,50
877,Aspectos básicos de la planificación y la gestión de proyectos,University of Virginia,COURSE,4.9,Beginner,10000,,42
878,Introduction to Genomic Technologies,Johns Hopkins University,COURSE,4.6,Mixed,42000,,14
879,Introduction to Chemistry:  Reactions and Ratios,Duke University,COURSE,4.8,Beginner,46000,10580,72
880,Explorando la Energía Sustentable,Pontificia Universidad Católica de Chile,COURSE,4.8,Beginner,28000,,45
881,Evaluación educativa,Universidad Nacional Autónoma de México,SPECIALIZATION,4.8,Beginner,13000,1950,211
882,University Teaching,The University of Hong Kong,COURSE,4.8,Beginner,9500,1235,50
883,Психолингвистика (Psycholinguistics),Saint Petersburg State University,COURSE,4.8,Mixed,21000,7140,59
884,Building Resilient Streaming Analytics Systems on GCP,Google Cloud,COURSE,4.6,Intermediate,5800,,46
885,Autodesk CAD/CAM for Manufacturing,Autodesk,SPECIALIZATION,4.8,Intermediate,7300,,257
886,Understanding Modern Finance,American Institute of Business and Economics,SPECIALIZATION,4.4,Intermediate,11000,,272
887,Object-Oriented Design,University of Alberta,COURSE,4.7,Intermediate,33000,4290,25
888,Aprende a programar con Python,Universidad Austral,SPECIALIZATION,4.2,Beginner,6600,,310
889,Погружение в Python,Moscow Institute of Physics and Technology,COURSE,4.7,Intermediate,45000,,69
890,Compassionate Leadership Through Service Learning with Jane Goodall and Roots & Shoots,University of Colorado Boulder,COURSE,4.9,Beginner,6400,,76
